wall_time,elapsed_s,publishers,scans_total,scans_in_window,scan_rate_hz,drspaam_fps,t_det_ms_mean,t_det_ms_p95,t_det_ms_max,t_track_ms_mean,t_track_ms_p95,t_track_ms_max,t_lat_ms_mean,t_lat_ms_p95,t_lat_ms_max,t_scan_ms_mean,t_scan_ms_p95,t_scan_ms_max,t_fwd_ms_mean,t_fwd_ms_p95,t_fwd_ms_max,inference_ms_mean,inference_ms_p95,inference_ms_max,missed_percent,jitter_ms,wire_ms_mean,wire_ms_p95,wire_ms_max,busy_drop_in_window,gpu_util_percent,drspaam_gpu_duty_percent,gpu_mem_util_percent,gpu_mem_used_mb,gpu_mem_total_mb,gpu_proc_mem_mb,torch_alloc_mb,torch_reserved_mb,torch_peak_mb,gpu_power_w,gpu_temp_c,gpu_sm_clock_mhz,cpu_percent_system,cpu_percent_process,proc_threads,ram_used_mb,ram_total_mb,ram_percent,proc_rss_mb,swap_used_mb,swap_total_mb,swap_percent
2026-09-04 15:04:56.904,1.035,1,0,0,0.0,,,,,,,,,,,,,,,,,,,,0.0,13.8,223.772,418.831,429.544,8,0.0,,0.0,496.9,4096.0,152.0,21.8,66.0,55.6,11.69,63.0,1575.0,8.7,74.4,65,6549.4,15708.2,41.7,960.8,0.0,4352.0,0.0
2026-09-04 15:04:57.904,2.035,1,1,1,1.0,0.67,1494.231,1494.231,1494.231,0.643,0.643,0.643,1496.541,1496.541,1496.541,,,,1468.405,1468.405,1468.405,1492.717,1492.717,1492.717,0.0,11.88,113.199,135.408,154.531,9,42.0,149.26,27.0,502.9,4096.0,158.0,50.8,72.0,895.3,14.2,64.0,1627.0,9.7,106.0,65,6701.8,15708.2,42.7,1114.9,0.0,4352.0,0.0
2026-09-04 15:04:58.904,3.035,1,1,0,0.0,,,,,,,,,,,,,,,,,,,,0.0,13.47,126.776,193.237,214.316,9,12.0,,11.0,488.9,4096.0,144.0,25.1,50.0,901.4,13.65,64.0,1627.0,11.9,138.0,72,6791.6,15708.2,43.2,1220.9,0.0,4352.0,0.0
2026-09-04 15:04:59.904,4.035,1,2,1,1.0,0.85,1178.921,1178.921,1178.921,0.8,0.8,0.8,1205.752,1205.752,1205.752,1789.26,1789.26,1789.26,1166.882,1166.882,1166.882,1178.77,1178.77,1178.77,2.5,11.52,109.219,110.904,111.115,9,32.0,117.88,30.0,2028.9,4096.0,1684.0,1501.9,1590.0,1501.9,15.2,64.0,1575.0,12.3,138.0,72,6802.6,15708.2,43.3,1226.3,0.0,4352.0,0.0
2026-09-04 15:05:00.905,5.036,1,3,1,1.0,0.82,1224.645,1224.645,1224.645,0.577,0.577,0.577,1322.215,1322.215,1322.215,1005.506,1005.506,1005.506,1180.964,1180.964,1180.964,1224.444,1224.444,1224.444,2.0,10.48,112.5,134.104,153.826,9,10.0,122.27,11.0,536.9,4096.0,192.0,35.3,98.0,1501.9,17.57,64.0,1732.0,18.1,134.8,72,6837.9,15708.2,43.5,1229.5,0.0,4352.0,0.0
2026-09-04 15:05:01.904,6.035,1,4,1,1.0,0.95,1052.643,1052.643,1052.643,0.652,0.652,0.652,1080.358,1080.358,1080.358,1400.078,1400.078,1400.078,1042.928,1042.928,1042.928,1052.503,1052.503,1052.503,1.67,12.92,113.678,141.66,167.814,9,16.0,105.41,16.0,590.9,4096.0,246.0,113.6,152.0,1501.9,16.52,64.0,1732.0,17.2,136.2,72,6871.0,15708.2,43.7,1229.6,0.0,4352.0,0.0
2026-09-04 15:05:02.905,7.035,1,12,8,8.0,6.18,161.933,689.454,1040.244,0.736,0.905,0.987,178.623,753.009,1123.256,337.094,1062.757,1096.002,149.048,677.513,1029.739,161.695,689.266,1040.083,1.43,7.84,108.625,110.942,111.144,4,22.0,129.31,18.0,536.9,4096.0,192.0,23.6,98.0,1501.9,16.01,65.0,1575.0,21.8,300.7,72,6875.2,15708.2,43.8,1229.6,0.0,4352.0,0.0
2026-09-04 15:05:03.904,8.035,1,14,2,2.0,28.4,35.68,36.2,36.258,0.703,0.726,0.729,38.61,39.466,39.561,100.698,100.803,100.815,23.111,23.126,23.127,35.208,35.953,36.036,1.25,8.53,115.004,136.831,155.899,6,14.0,7.04,14.0,536.9,4096.0,192.0,35.3,98.0,1501.9,14.24,64.0,1575.0,13.8,191.2,72,6875.7,15708.2,43.8,1229.6,0.0,4352.0,0.0
2026-09-04 15:05:04.904,9.035,1,17,3,3.0,2.64,378.562,960.495,1062.706,0.878,1.015,1.019,404.716,970.587,1067.13,399.42,912.756,1003.283,365.641,946.877,1049.338,378.358,960.3,1062.519,1.11,11.42,113.352,137.115,156.356,7,0.0,113.5,0.0,528.9,4096.0,184.0,31.8,90.0,1501.9,15.02,64.0,1575.0,20.2,197.0,72,6854.8,15708.2,43.6,1229.6,0.0,4352.0,0.0
2026-09-04 15:05:05.906,10.036,1,24,7,6.99,5.44,184.255,775.084,1091.809,0.775,0.936,0.957,204.937,807.141,1095.585,227.352,726.09,993.902,172.922,764.03,1081.534,183.939,774.83,1091.553,1.0,7.82,110.304,116.154,117.256,5,13.0,128.53,7.0,536.9,4096.0,192.0,23.6,98.0,1501.9,14.38,65.0,1575.0,20.6,173.7,72,6875.0,15708.2,43.8,1229.7,0.0,4352.0,0.0
2026-09-04 15:05:06.904,11.035,1,34,10,10.02,26.62,37.984,44.458,45.914,0.858,0.949,0.973,41.302,48.015,49.388,100.352,101.679,101.769,23.881,26.886,27.817,37.563,43.319,44.703,0.91,9.65,116.335,143.005,166.359,0,22.0,37.62,18.0,536.9,4096.0,192.0,23.7,98.0,1501.9,15.04,65.0,1575.0,32.1,344.5,72,6871.0,15708.2,43.7,1229.7,0.0,4352.0,0.0
2026-09-04 15:05:07.905,12.035,1,44,10,10.0,28.11,36.057,38.461,38.875,0.859,1.003,1.03,39.332,42.526,42.823,99.918,101.429,101.467,23.077,24.516,25.022,35.573,37.865,38.017,0.83,13.17,115.958,142.277,162.089,0,22.0,35.57,18.0,536.9,4096.0,192.0,23.6,98.0,1501.9,14.93,65.0,1575.0,25.8,344.9,72,6866.8,15708.2,43.7,1229.7,0.0,4352.0,0.0
2026-09-04 15:05:08.904,13.035,1,54,10,10.0,29.15,34.555,36.941,37.615,0.777,0.896,0.903,38.172,41.15,41.162,99.292,100.853,101.62,22.233,24.088,24.817,34.311,36.674,37.322,0.77,8.04,110.46,112.075,112.34,0,22.0,34.31,17.0,536.9,4096.0,192.0,23.7,98.0,1501.9,14.95,65.0,1575.0,20.7,280.0,72,6838.2,15708.2,43.5,1229.7,0.0,4352.0,0.0
2026-09-04 15:05:09.904,14.035,1,64,10,10.0,20.79,48.458,105.005,157.064,0.813,0.891,0.897,58.092,133.091,160.748,100.865,102.662,103.434,35.429,90.698,142.581,48.109,104.381,156.109,0.71,9.84,117.008,144.887,169.605,0,45.0,48.12,36.0,572.9,4096.0,228.0,23.6,134.0,1501.9,15.09,65.0,1575.0,26.8,361.0,72,6823.8,15708.2,43.4,1229.7,0.0,4352.0,0.0
2026-09-04 15:05:10.905,15.036,1,73,9,8.99,27.9,36.158,38.328,38.415,0.819,0.89,0.89,39.335,42.088,42.422,99.871,101.435,101.917,23.282,25.549,25.751,35.848,38.108,38.202,0.67,12.91,114.59,141.914,166.545,0,22.0,32.23,17.0,482.9,4096.0,138.0,37.9,44.0,1501.9,15.35,65.0,1575.0,21.8,282.8,72,6824.2,15708.2,43.4,1229.8,0.0,4352.0,0.0
2026-09-04 15:05:11.904,16.035,1,75,2,2.0,1.87,534.769,986.937,1037.178,0.609,0.69,0.699,557.65,992.22,1040.505,548.243,949.859,994.483,524.326,975.554,1025.69,534.584,986.708,1036.944,0.62,8.58,109.292,112.46,113.346,9,13.0,107.02,12.0,536.9,4096.0,192.0,23.7,98.0,1501.9,14.37,65.0,1575.0,13.9,166.1,72,6824.2,15708.2,43.4,1229.8,0.0,4352.0,0.0
2026-09-04 15:05:12.904,17.035,1,75,0,0.0,,,,,,,,,,,,,,,,,,,,0.59,9.77,115.853,142.421,164.623,8,25.0,,21.0,504.9,4096.0,160.0,25.1,212.0,1501.9,14.87,66.0,1575.0,14.1,137.1,72,6840.9,15708.2,43.6,1229.8,0.0,4352.0,0.0
2026-09-04 15:05:13.904,18.035,1,79,4,4.0,3.43,292.133,905.134,1057.943,0.762,1.054,1.11,311.361,917.011,1061.703,326.343,867.12,1002.21,279.395,892.74,1045.731,291.923,904.928,1057.752,0.56,13.04,115.282,142.72,167.26,6,6.0,116.77,5.0,522.9,4096.0,178.0,45.5,84.0,1501.9,14.88,66.0,1575.0,19.9,225.0,72,6828.6,15708.2,43.5,1229.8,0.0,4352.0,0.0
2026-09-04 15:05:14.904,19.034,1,87,8,8.0,6.17,162.801,699.298,1054.246,0.704,0.808,0.832,174.665,724.844,1057.552,210.522,682.048,995.326,149.708,686.247,1043.016,162.146,698.782,1054.026,0.52,7.98,110.92,115.085,115.751,4,45.0,129.76,36.0,536.9,4096.0,192.0,23.6,98.0,1501.9,15.22,66.0,1575.0,21.7,232.9,72,6816.2,15708.2,43.4,1229.8,0.0,4352.0,0.0
2026-09-04 15:05:15.905,20.036,1,90,3,3.0,26.5,38.563,41.014,41.102,0.765,0.79,0.79,43.788,51.347,52.29,100.587,101.147,101.237,22.873,24.639,24.677,37.742,40.664,40.927,0.5,11.15,119.153,153.406,176.659,5,6.0,11.31,6.0,524.9,4096.0,180.0,46.2,86.0,1501.9,14.79,66.0,1575.0,18.2,185.9,72,6836.5,15708.2,43.5,1229.8,0.0,4352.0,0.0
2026-09-04 15:05:16.904,21.035,1,98,8,8.01,6.18,162.67,702.114,1059.442,0.682,0.772,0.772,173.646,725.278,1063.525,213.067,691.381,1008.95,149.827,686.57,1043.6,161.939,700.348,1056.875,0.48,13.15,116.193,143.106,168.311,4,48.0,129.65,37.0,536.9,4096.0,192.0,23.6,98.0,1501.9,15.36,66.0,1575.0,17.6,237.1,72,6821.7,15708.2,43.4,1229.9,0.0,4352.0,0.0
2026-09-04 15:05:17.904,22.035,1,108,10,10.0,27.68,37.138,41.42,42.852,0.822,1.002,1.046,40.391,45.186,46.11,100.045,103.125,104.068,23.135,24.837,25.33,36.124,40.133,40.738,0.45,9.72,112.286,116.729,117.383,0,22.0,36.12,17.0,552.9,4096.0,208.0,23.7,114.0,1501.9,15.42,66.0,1575.0,28.4,347.9,72,6824.2,15708.2,43.4,1229.9,0.0,4352.0,0.0
2026-09-04 15:05:18.904,23.035,1,118,10,10.0,27.71,36.789,39.579,39.688,0.837,0.934,0.941,40.573,43.334,43.402,100.219,101.184,101.437,23.127,24.863,25.711,36.091,38.266,39.435,0.43,10.56,118.569,145.947,169.261,0,22.0,36.09,18.0,568.9,4096.0,224.0,23.6,130.0,1501.9,15.13,66.0,1575.0,27.3,353.0,72,6825.4,15708.2,43.5,1229.9,0.0,4352.0,0.0
2026-09-04 15:05:19.904,24.035,1,128,10,10.0,28.81,35.22,38.688,39.802,0.846,1.097,1.235,38.889,42.151,43.438,99.667,101.227,101.681,22.511,23.584,23.823,34.705,38.018,39.51,0.42,13.58,117.296,146.987,174.094,0,22.0,34.7,18.0,568.9,4096.0,224.0,23.6,130.0,1501.9,15.1,66.0,1575.0,30.0,303.9,72,6833.1,15708.2,43.5,1229.9,0.0,4352.0,0.0
2026-09-04 15:05:20.907,25.037,1,138,10,9.98,29.81,33.961,37.227,37.723,0.728,0.926,0.95,37.161,41.002,41.206,99.666,101.328,101.514,21.712,23.181,23.224,33.542,36.789,37.483,0.4,8.33,111.238,115.803,116.7,0,22.0,33.46,17.0,568.9,4096.0,224.0,23.7,130.0,1501.9,15.05,67.0,1575.0,19.6,245.5,72,6823.3,15708.2,43.4,1229.9,0.0,4352.0,0.0
2026-09-04 15:05:21.904,26.035,1,148,10,10.03,28.84,35.586,40.151,41.073,0.754,0.951,0.955,38.539,43.57,44.287,100.42,103.106,104.035,21.77,23.977,24.025,34.669,38.295,38.38,0.38,9.92,119.02,150.759,173.794,0,22.0,34.76,18.0,568.9,4096.0,224.0,23.6,130.0,1501.9,15.13,67.0,1575.0,25.6,211.6,72,6836.8,15708.2,43.5,1229.9,0.0,4352.0,0.0
2026-09-04 15:05:22.906,27.036,1,158,10,9.99,30.45,33.734,37.217,37.432,0.671,0.911,1.003,36.066,40.368,40.953,99.652,101.242,101.589,21.378,23.127,23.184,32.836,35.862,36.231,0.37,9.81,115.556,132.365,142.238,0,19.0,32.8,17.0,568.9,4096.0,224.0,23.7,130.0,1501.9,15.07,67.0,1575.0,18.5,202.6,72,6829.5,15708.2,43.5,1229.9,0.0,4352.0,0.0
2026-09-04 15:05:23.904,28.035,1,168,10,10.01,28.09,36.434,39.924,40.697,0.765,0.941,1.069,39.378,42.858,43.524,99.966,101.879,102.363,22.578,23.748,24.048,35.595,38.874,40.334,0.36,6.69,113.447,118.626,119.488,0,22.0,35.64,18.0,568.9,4096.0,224.0,23.6,130.0,1501.9,15.11,67.0,1575.0,26.6,315.6,72,6813.9,15708.2,43.4,1229.9,0.0,4352.0,0.0
2026-09-04 15:05:24.904,29.035,1,178,10,10.0,29.94,33.816,37.86,38.027,0.695,0.891,0.936,36.72,41.285,41.344,99.492,100.637,100.664,21.315,23.088,23.216,33.395,36.88,37.411,0.34,6.99,113.589,132.573,145.679,0,22.0,33.39,18.0,568.9,4096.0,224.0,51.8,130.0,1501.9,15.15,67.0,1575.0,18.4,208.9,72,6819.3,15708.2,43.4,1229.9,0.0,4352.0,0.0
2026-09-04 15:05:25.906,30.036,1,188,10,9.98,29.0,35.072,37.803,37.924,0.751,0.966,0.987,38.123,41.954,41.981,100.039,101.16,101.309,22.453,23.285,23.298,34.488,37.547,37.658,0.33,8.88,117.631,135.618,145.84,0,22.0,34.43,18.0,568.9,4096.0,224.0,23.7,130.0,1501.9,15.13,67.0,1575.0,27.0,303.5,72,6817.4,15708.2,43.4,1229.9,0.0,4352.0,0.0
2026-09-04 15:05:26.904,31.035,1,198,10,10.02,28.25,35.898,39.279,39.332,0.806,0.933,0.945,39.385,43.282,43.358,100.044,101.606,101.883,22.475,23.275,23.278,35.397,39.013,39.063,0.32,7.4,112.564,119.396,121.08,0,22.0,35.46,18.0,568.9,4096.0,224.0,23.6,130.0,1501.9,15.22,67.0,1575.0,24.2,314.5,72,6816.5,15708.2,43.4,1229.9,0.0,4352.0,0.0
2026-09-04 15:05:27.904,32.035,1,208,10,10.0,31.54,32.176,37.515,38.891,0.665,0.903,0.908,34.371,41.029,42.57,99.73,101.411,101.851,20.367,23.236,23.292,31.706,37.274,38.63,0.31,10.14,113.543,139.939,151.023,0,19.0,31.7,17.0,568.9,4096.0,224.0,23.6,130.0,1501.9,15.14,67.0,1575.0,10.4,105.0,72,6813.0,15708.2,43.4,1229.9,0.0,4352.0,0.0
2026-09-04 15:05:28.905,33.035,1,218,10,10.0,26.75,37.844,40.847,40.876,0.887,0.985,0.993,41.334,44.344,44.559,100.052,101.984,102.723,23.314,23.744,23.883,37.39,40.347,40.567,0.3,11.5,115.474,137.713,150.232,0,22.0,37.39,18.0,568.9,4096.0,224.0,30.8,130.0,1501.9,15.19,68.0,1575.0,31.3,378.7,72,6833.8,15708.2,43.5,1229.9,0.0,4352.0,0.0
2026-09-04 15:05:29.904,34.035,1,228,10,10.0,27.78,36.676,42.569,43.269,0.819,1.094,1.107,39.353,46.038,46.643,99.996,101.954,102.123,22.768,24.232,24.365,36.002,41.703,42.298,0.29,9.54,111.437,124.194,127.146,0,22.0,36.0,18.0,568.9,4096.0,224.0,37.8,130.0,1501.9,15.24,68.0,1575.0,25.5,273.2,72,7000.3,15708.2,44.6,1229.9,0.0,4352.0,0.0
2026-09-04 15:05:30.906,35.036,1,238,10,9.98,27.65,36.498,38.591,38.99,0.781,0.937,1.023,39.518,41.189,41.317,100.05,101.736,102.264,23.286,25.074,25.264,36.169,38.308,38.734,0.28,9.61,113.989,133.422,146.172,0,22.0,36.11,18.0,568.9,4096.0,224.0,23.6,130.0,1501.9,15.26,68.0,1575.0,26.2,309.6,72,6980.2,15708.2,44.4,1229.9,0.0,4352.0,0.0
2026-09-04 15:05:31.904,36.035,1,248,10,10.01,29.37,34.395,41.141,44.417,0.799,1.071,1.087,37.085,44.424,47.566,99.284,101.557,102.399,21.765,23.542,23.733,34.049,40.573,43.611,0.28,7.17,108.927,117.577,124.598,0,19.0,34.1,17.0,568.9,4096.0,224.0,24.7,130.0,1501.9,15.22,68.0,1575.0,20.6,240.4,72,6894.8,15708.2,43.9,1229.9,0.0,4352.0,0.0
2026-09-04 15:05:32.904,37.035,1,258,10,10.0,28.57,35.628,37.696,37.711,0.904,1.119,1.147,38.839,41.288,41.415,100.308,103.082,104.377,22.651,23.949,24.027,35.003,37.033,37.393,0.27,9.52,114.303,133.934,138.546,0,22.0,35.0,18.0,568.9,4096.0,224.0,39.9,130.0,1501.9,15.29,68.0,1575.0,24.6,308.0,72,6868.3,15708.2,43.7,1229.9,0.0,4352.0,0.0
2026-09-04 15:05:33.904,38.035,1,268,10,10.0,29.62,34.165,37.797,38.378,0.851,1.08,1.101,37.242,41.613,41.708,99.923,101.249,101.428,22.112,23.317,23.372,33.766,37.154,37.415,0.26,9.88,114.873,137.721,147.673,0,19.0,33.77,17.0,568.9,4096.0,224.0,23.7,130.0,1501.9,15.3,68.0,1575.0,22.4,272.0,72,6883.9,15708.2,43.8,1229.9,0.0,4352.0,0.0
2026-09-04 15:05:34.904,39.035,1,278,10,10.0,29.66,34.094,39.52,41.257,0.855,1.055,1.125,36.971,43.335,44.254,99.571,100.871,101.024,21.673,23.198,23.255,33.713,39.0,40.5,0.26,7.38,109.902,118.827,125.677,0,22.0,33.71,17.0,568.9,4096.0,224.0,31.0,130.0,1501.9,15.28,68.0,1575.0,20.3,243.0,72,6900.0,15708.2,43.9,1229.9,0.0,4352.0,0.0
2026-09-04 15:05:35.905,40.036,1,288,10,9.99,28.0,36.431,39.159,39.385,0.891,1.035,1.045,39.408,42.389,42.625,100.154,102.894,103.792,23.33,25.601,25.881,35.716,38.303,38.572,0.25,8.29,113.163,127.314,134.862,0,23.0,35.67,18.0,568.9,4096.0,224.0,24.8,130.0,1501.9,15.31,68.0,1575.0,25.0,304.7,72,6862.9,15708.2,43.7,1229.9,0.0,4352.0,0.0
2026-09-04 15:05:36.905,41.035,1,298,10,10.01,31.05,32.624,36.754,36.902,0.743,0.924,0.946,35.339,40.804,40.981,99.9,101.578,101.81,21.04,23.205,23.209,32.204,36.149,36.597,0.24,10.35,114.113,139.158,145.311,0,22.0,32.24,18.0,568.9,4096.0,224.0,24.6,130.0,1501.9,15.34,68.0,1575.0,16.1,171.1,72,6851.3,15708.2,43.6,1229.9,0.0,4352.0,0.0
2026-09-04 15:05:37.904,42.035,1,308,10,10.0,29.99,33.571,37.248,37.719,0.793,1.063,1.152,36.23,40.562,41.147,99.536,102.395,103.885,21.815,24.688,25.388,33.347,37.019,37.482,0.24,8.41,110.636,123.465,134.246,0,19.0,33.35,18.0,568.9,4096.0,224.0,32.0,130.0,1501.9,15.3,68.0,1575.0,17.4,207.1,72,6850.7,15708.2,43.6,1229.9,0.0,4352.0,0.0
2026-09-04 15:05:38.904,43.035,1,318,10,10.0,29.57,34.348,37.489,38.372,0.855,1.138,1.155,37.2,41.196,42.049,100.2,102.233,103.003,22.498,24.956,25.868,33.82,37.247,38.133,0.23,8.35,113.348,125.996,130.134,0,22.0,33.82,18.0,568.9,4096.0,224.0,32.0,130.0,1501.9,15.36,68.0,1575.0,22.3,269.0,72,6854.4,15708.2,43.6,1229.9,0.0,4352.0,0.0
2026-09-04 15:05:39.904,44.035,1,328,10,10.0,31.25,32.535,35.706,35.759,0.698,0.813,0.832,34.833,38.712,38.712,99.864,101.742,101.844,21.023,23.26,23.282,32.0,35.25,35.564,0.23,10.64,114.952,146.529,159.405,0,19.0,32.0,17.0,568.9,4096.0,224.0,24.7,130.0,1501.9,15.33,69.0,1575.0,14.9,169.0,72,6844.9,15708.2,43.6,1229.9,0.0,4352.0,0.0
2026-09-04 15:05:40.905,45.036,1,338,10,9.99,31.18,32.396,37.795,38.973,0.696,0.988,1.111,34.782,41.291,42.722,99.892,101.597,101.662,21.239,24.318,24.973,32.07,37.225,38.111,0.22,8.73,109.794,123.414,134.297,0,22.0,32.03,18.0,568.9,4096.0,224.0,24.7,130.0,1501.9,15.31,69.0,1575.0,16.5,174.8,72,6837.4,15708.2,43.5,1229.9,0.0,4352.0,0.0
2026-09-04 15:05:41.905,46.035,1,348,10,10.01,29.6,34.2,38.629,38.876,0.743,0.974,1.058,36.736,42.129,42.349,99.456,101.297,101.581,21.919,26.075,26.433,33.788,38.343,38.616,0.22,8.07,112.478,127.664,137.948,0,22.0,33.82,18.0,568.9,4096.0,224.0,24.7,130.0,1501.9,15.38,69.0,1575.0,18.6,216.1,72,6838.6,15708.2,43.5,1229.9,0.0,4352.0,0.0
2026-09-04 15:05:42.905,47.035,1,358,10,10.0,28.71,35.553,37.728,38.098,0.802,0.894,0.904,38.491,41.251,41.324,100.579,102.882,103.624,22.749,24.565,25.403,34.834,37.179,37.302,0.21,9.84,115.239,134.032,144.608,0,22.0,34.84,18.0,568.9,4096.0,224.0,34.3,130.0,1501.9,15.37,69.0,1575.0,24.9,298.1,72,6843.6,15708.2,43.6,1229.9,0.0,4352.0,0.0
2026-09-04 15:05:43.905,48.035,1,368,10,10.0,28.21,36.024,41.091,41.934,0.785,1.1,1.332,39.316,44.018,44.613,99.141,101.35,101.633,23.262,28.186,30.655,35.452,40.487,41.693,0.21,8.43,113.301,126.891,137.639,0,22.0,35.45,18.0,568.9,4096.0,224.0,59.4,130.0,1501.9,15.43,69.0,1575.0,22.1,277.9,72,6841.8,15708.2,43.6,1229.9,0.0,4352.0,0.0
2026-09-04 15:05:44.904,49.035,1,378,10,10.0,30.45,33.597,39.316,42.355,0.716,0.794,0.804,36.454,42.988,45.332,99.933,102.533,102.679,21.989,26.455,29.017,32.844,38.572,41.478,0.2,9.6,114.67,131.644,143.553,0,19.0,32.84,17.0,568.9,4096.0,224.0,31.8,130.0,1501.9,15.39,69.0,1575.0,18.3,203.0,72,6842.5,15708.2,43.6,1229.9,0.0,4352.0,0.0
2026-09-04 15:05:45.907,50.038,1,388,10,9.97,29.77,34.208,40.491,42.372,0.744,0.952,0.989,37.059,44.128,46.695,100.204,102.083,102.427,22.442,27.489,29.826,33.589,40.025,42.133,0.2,11.52,116.107,140.196,144.631,0,19.0,33.5,17.0,568.9,4096.0,224.0,24.8,130.0,1501.9,15.45,69.0,1575.0,18.5,209.4,72,6844.0,15708.2,43.6,1229.9,0.0,4352.0,0.0
2026-09-04 15:05:46.905,51.035,1,398,10,10.03,30.53,33.146,38.897,40.292,0.781,0.931,0.932,35.773,42.112,43.062,100.197,102.293,102.772,21.54,24.705,24.936,32.756,37.722,38.355,0.2,9.92,114.686,131.619,144.554,0,22.0,32.85,18.0,568.9,4096.0,224.0,33.3,130.0,1501.9,15.41,69.0,1575.0,15.9,167.5,72,6839.8,15708.2,43.5,1230.0,0.0,4352.0,0.0
2026-09-04 15:05:47.905,52.035,1,408,10,10.0,29.96,33.933,40.557,42.608,0.842,1.034,1.036,36.605,43.57,45.842,100.149,103.784,104.788,22.25,28.832,31.24,33.383,40.027,42.326,0.19,10.58,113.404,130.556,140.741,0,19.0,33.38,17.0,584.9,4096.0,240.0,34.4,146.0,1501.9,15.4,69.0,1575.0,16.2,164.0,72,6794.7,15708.2,43.3,1230.0,0.0,4352.0,0.0
2026-09-04 15:05:48.904,53.035,1,418,10,10.0,29.18,34.788,40.858,43.177,0.884,1.056,1.057,37.406,44.16,46.468,99.995,102.358,102.433,23.09,28.706,31.312,34.272,40.633,42.959,0.19,9.83,112.083,129.306,142.275,0,19.0,34.27,18.0,584.9,4096.0,240.0,31.4,146.0,1501.9,15.44,70.0,1575.0,20.1,234.0,72,6791.1,15708.2,43.2,1230.0,0.0,4352.0,0.0
2026-09-04 15:05:49.904,54.035,1,428,10,10.0,29.16,34.847,40.332,41.857,0.905,1.072,1.082,38.413,44.574,45.58,99.792,101.421,102.0,22.487,26.764,29.728,34.29,39.105,41.626,0.18,8.31,113.618,128.462,139.832,0,22.0,34.3,18.0,584.9,4096.0,240.0,24.8,146.0,1501.9,15.45,70.0,1575.0,19.3,236.1,72,6790.4,15708.2,43.2,1230.0,0.0,4352.0,0.0
2026-09-04 15:05:50.906,55.037,1,438,10,9.98,29.63,34.242,38.625,39.613,1.354,1.937,1.972,37.685,43.527,45.407,100.1,102.64,102.738,21.993,25.181,25.937,33.748,38.151,39.358,0.18,7.82,112.661,127.284,141.364,0,22.0,33.68,18.0,584.9,4096.0,240.0,26.6,146.0,1501.9,15.48,70.0,1575.0,19.3,209.5,72,6795.4,15708.2,43.3,1230.7,0.0,4352.0,0.0
2026-09-04 15:05:51.904,56.035,1,448,10,10.02,28.9,35.134,38.445,38.994,2.395,2.73,2.74,40.126,43.726,43.775,99.051,101.627,101.786,22.795,24.612,25.16,34.601,37.952,38.683,0.18,8.22,113.84,129.111,140.667,0,22.0,34.66,17.0,584.9,4096.0,240.0,24.8,146.0,1501.9,15.52,70.0,1575.0,24.6,307.6,72,6795.5,15708.2,43.3,1230.7,0.0,4352.0,0.0
2026-09-04 15:05:52.905,57.035,1,458,10,10.0,30.69,33.342,37.486,37.805,2.008,2.631,2.67,37.145,43.15,43.511,100.723,102.219,102.592,21.268,23.811,23.883,32.586,36.317,36.848,0.18,8.16,114.405,130.302,141.097,0,19.0,32.59,17.0,584.9,4096.0,240.0,24.7,146.0,1501.9,15.47,70.0,1575.0,16.0,168.9,72,6795.2,15708.2,43.3,1230.7,0.0,4352.0,0.0
2026-09-04 15:05:53.905,58.035,1,468,10,10.0,30.98,32.502,36.497,36.971,1.421,1.866,1.873,36.3,41.655,42.64,99.769,102.01,102.074,21.095,23.408,23.474,32.28,36.256,36.722,0.17,8.22,112.624,128.36,140.517,0,19.0,32.28,17.0,584.9,4096.0,240.0,24.7,146.0,1501.9,15.51,70.0,1575.0,15.4,172.0,72,6795.4,15708.2,43.3,1230.7,0.0,4352.0,0.0
2026-09-04 15:05:54.904,59.035,1,479,11,11.0,28.28,35.714,38.781,39.073,0.983,1.129,1.13,39.66,43.088,43.431,99.742,102.523,102.639,22.823,24.41,24.472,35.365,38.336,38.848,0.17,7.82,113.016,128.156,139.695,0,22.0,38.91,18.0,584.9,4096.0,240.0,23.5,146.0,1501.9,15.49,70.0,1575.0,27.2,334.2,72,6794.5,15708.2,43.3,1230.7,0.0,4352.0,0.0
2026-09-04 15:05:55.906,60.037,1,488,9,8.98,29.6,34.011,38.288,38.294,0.893,1.057,1.059,36.971,41.642,41.644,100.007,104.387,104.598,21.956,24.914,25.533,33.784,38.037,38.044,0.17,6.23,110.729,115.482,115.956,0,22.0,30.34,18.0,584.9,4096.0,240.0,24.9,146.0,1501.9,15.55,70.0,1575.0,19.1,216.5,72,6797.1,15708.2,43.3,1230.7,0.0,4352.0,0.0
2026-09-04 15:05:56.905,61.035,1,498,10,10.02,30.63,33.206,39.364,41.552,0.848,1.061,1.069,36.095,43.246,45.038,100.27,104.285,104.907,21.356,24.363,24.867,32.642,39.094,41.294,0.16,8.52,114.018,134.173,150.606,0,22.0,32.7,18.0,584.9,4096.0,240.0,37.4,146.0,1501.9,15.57,70.0,1575.0,16.2,167.2,72,6799.7,15708.2,43.3,1230.7,0.0,4352.0,0.0
2026-09-04 15:05:57.904,62.035,1,508,10,10.0,28.74,35.531,37.998,38.496,0.931,1.095,1.138,38.533,41.084,41.599,99.115,101.588,101.589,22.571,24.28,24.574,34.793,36.662,37.04,0.16,7.63,113.79,128.128,139.665,0,19.0,34.8,17.0,584.9,4096.0,240.0,24.8,146.0,1501.9,15.55,70.0,1575.0,29.7,303.2,72,6781.0,15708.2,43.2,1230.7,0.0,4352.0,0.0
