wall_time,elapsed_s,clients,scans_total,scans_in_window,scan_rate_hz,drspaam_fps,t_det_ms_mean,t_det_ms_p95,t_det_ms_max,t_track_ms_mean,t_track_ms_p95,t_track_ms_max,t_lat_ms_mean,t_lat_ms_p95,t_lat_ms_max,t_scan_ms_mean,t_scan_ms_p95,t_scan_ms_max,t_fwd_ms_mean,t_fwd_ms_p95,t_fwd_ms_max,inference_ms_mean,inference_ms_p95,inference_ms_max,wire_ms_mean,wire_ms_p95,wire_ms_max,gpu_util_percent,drspaam_gpu_duty_percent,gpu_mem_util_percent,gpu_mem_used_mb,gpu_mem_total_mb,gpu_proc_mem_mb,torch_alloc_mb,torch_reserved_mb,torch_peak_mb,gpu_power_w,gpu_temp_c,gpu_sm_clock_mhz,cpu_percent_system,cpu_percent_process,proc_threads,ram_used_mb,ram_total_mb,ram_percent,proc_rss_mb,swap_used_mb,swap_total_mb,swap_percent
2026-09-04T11:21:04.407,1.013,1,0,0,0.0,,,,,,,,,,,,,,,,,,,,,,,0.0,,0.0,471.6,4096.0,126.0,7.6,56.0,38.8,12.48,68.0,1575.0,2.8,4.9,84,8360.4,15708.2,53.2,753.2,0.0,4352.0,0.0
2026-09-04T11:21:05.407,2.013,1,0,0,0.0,,,,,,,,,,,,,,,,,,,,,,,0.0,,0.0,477.6,4096.0,132.0,17.6,56.0,38.8,12.48,68.0,1575.0,2.8,18.0,84,8387.2,15708.2,53.4,830.9,0.0,4352.0,0.0
2026-09-04T11:21:06.407,3.013,1,0,0,0.0,,,,,,,,,,,,,,,,,,,,,,,30.0,,24.0,485.6,4096.0,140.0,17.9,54.0,1132.3,13.67,70.0,1575.0,7.7,103.0,84,8521.1,15708.2,54.2,1002.3,0.0,4352.0,0.0
2026-09-04T11:21:07.407,4.013,1,12,12,12.0,5.69,175.958,793.075,1453.989,0.941,1.401,1.512,177.328,794.966,1456.16,95.574,108.458,108.767,156.639,1241.97,1420.546,175.644,792.192,1452.303,1387.541,1697.354,1718.257,45.0,210.75,40.0,565.6,4096.0,220.0,29.8,126.0,1132.3,18.65,70.0,1725.0,9.7,132.9,91,8695.8,15708.2,55.4,1200.2,0.0,4352.0,0.0
2026-09-04T11:21:08.408,5.014,1,33,21,20.98,27.25,36.893,41.714,42.409,0.78,0.991,1.094,38.142,42.967,43.81,100.637,104.971,106.1,22.94,23.062,23.068,36.693,41.472,42.146,545.748,1090.119,1156.244,49.0,76.97,45.0,565.6,4096.0,220.0,27.7,126.0,1132.3,28.83,71.0,1725.0,7.0,82.9,91,8675.9,15708.2,55.2,1197.9,0.0,4352.0,0.0
2026-09-04T11:21:09.407,6.013,1,43,10,10.01,23.94,42.047,42.928,43.269,0.847,1.154,1.244,43.461,44.519,44.755,100.001,101.012,101.285,23.012,23.107,23.107,41.775,42.628,42.955,109.916,111.105,111.495,21.0,41.82,18.0,565.6,4096.0,220.0,27.7,126.0,1132.3,20.85,70.0,1725.0,5.0,47.0,91,8681.6,15708.2,55.3,1197.9,0.0,4352.0,0.0
2026-09-04T11:21:10.407,7.013,1,53,10,10.0,23.6,42.63,44.133,44.855,0.749,0.844,0.853,43.936,45.517,46.172,99.819,101.07,101.376,23.637,23.965,23.965,42.379,43.88,44.602,109.298,111.208,111.543,25.0,42.38,21.0,565.6,4096.0,220.0,27.7,126.0,1132.3,19.63,70.0,1575.0,7.6,47.0,91,8706.4,15708.2,55.4,1198.0,0.0,4352.0,0.0
2026-09-04T11:21:11.407,8.013,1,63,10,10.0,23.54,42.742,43.69,44.106,0.692,0.744,0.748,44.004,44.971,45.383,99.701,101.076,101.302,23.912,24.001,24.001,42.479,43.43,43.837,109.793,111.229,111.647,23.0,42.48,19.0,565.6,4096.0,220.0,27.7,126.0,1132.3,17.77,70.0,1575.0,6.7,47.0,91,8685.3,15708.2,55.3,1198.0,0.0,4352.0,0.0
2026-09-04T11:21:12.407,9.013,1,73,10,10.0,23.46,42.9,44.62,45.203,0.715,0.777,0.802,44.126,45.942,46.543,100.026,101.431,101.5,23.931,24.014,24.014,42.63,44.334,44.891,110.208,111.827,111.969,21.0,42.64,18.0,565.6,4096.0,220.0,27.7,126.0,1132.3,17.68,70.0,1575.0,11.9,48.0,91,8726.3,15708.2,55.6,1198.1,0.0,4352.0,0.0
2026-09-04T11:21:13.408,10.014,1,83,10,9.99,22.96,43.833,47.591,49.568,0.758,0.934,0.952,45.145,49.032,51.212,99.997,101.192,101.249,23.974,24.058,24.058,43.558,47.305,49.274,110.643,112.757,113.493,22.0,43.5,19.0,565.6,4096.0,220.0,27.7,126.0,1132.3,17.7,70.0,1575.0,18.7,48.9,91,8740.1,15708.2,55.6,1198.1,0.0,4352.0,0.0
2026-09-04T11:21:14.407,11.013,1,93,10,10.01,23.81,42.269,43.07,43.529,0.789,0.981,1.004,43.574,44.41,44.917,99.887,101.402,101.425,23.918,24.006,24.006,41.996,42.79,43.248,109.608,110.913,111.007,25.0,42.05,21.0,565.6,4096.0,220.0,27.7,126.0,1132.3,17.8,70.0,1575.0,11.7,46.1,91,8755.3,15708.2,55.7,1198.1,0.0,4352.0,0.0
2026-09-04T11:21:15.406,12.013,1,103,10,10.0,23.33,43.126,44.452,44.751,0.848,1.038,1.124,44.503,45.836,46.174,99.776,100.912,101.019,23.918,24.015,24.015,42.863,44.154,44.465,109.632,111.076,111.382,22.0,42.86,19.0,565.6,4096.0,220.0,27.7,126.0,1132.3,17.87,70.0,1575.0,6.8,48.0,91,8765.7,15708.2,55.8,1198.1,0.0,4352.0,0.0
2026-09-04T11:21:16.407,13.013,1,113,10,10.0,23.07,43.643,44.935,45.349,0.99,1.39,1.421,45.19,46.685,47.264,100.525,102.502,103.121,23.913,23.976,23.976,43.352,44.617,45.021,112.224,125.371,135.518,32.0,43.35,28.0,565.6,4096.0,220.0,27.7,126.0,1132.3,17.8,71.0,1575.0,6.5,49.0,91,8766.8,15708.2,55.8,1198.2,0.0,4352.0,0.0
2026-09-04T11:21:17.407,14.013,1,123,10,10.0,22.9,43.959,44.948,45.051,0.841,1.051,1.173,45.372,46.573,46.816,99.244,100.454,100.491,23.933,24.037,24.037,43.675,44.666,44.76,109.894,112.408,112.718,23.0,43.67,19.0,565.6,4096.0,220.0,27.7,126.0,1132.3,17.95,70.0,1575.0,4.3,49.0,91,8774.7,15708.2,55.9,1198.2,0.0,4352.0,0.0
2026-09-04T11:21:18.408,15.014,1,133,10,9.99,23.71,42.436,43.556,43.94,0.793,0.95,1.031,43.747,44.931,45.337,100.303,102.214,102.937,23.917,23.98,23.98,42.173,43.287,43.654,109.908,111.967,112.952,19.0,42.12,16.0,565.6,4096.0,220.0,27.7,126.0,1132.3,17.84,70.0,1575.0,9.0,47.9,91,8716.5,15708.2,55.5,1198.2,0.0,4352.0,0.0
2026-09-04T11:21:19.407,16.013,1,143,10,10.01,23.56,42.702,43.92,44.166,0.824,0.995,1.079,44.048,45.459,45.601,99.759,102.166,102.959,23.934,24.031,24.031,42.436,43.648,43.893,111.161,121.046,129.144,26.0,42.49,22.0,565.6,4096.0,220.0,27.7,126.0,1132.3,17.76,71.0,1575.0,10.6,47.1,91,8703.2,15708.2,55.4,1198.2,0.0,4352.0,0.0
2026-09-04T11:21:20.407,17.013,1,153,10,10.0,23.34,43.104,44.13,44.32,0.729,0.797,0.823,44.361,45.453,45.585,99.992,100.849,100.889,23.933,23.976,23.976,42.841,43.842,43.995,109.778,110.633,110.656,22.0,42.84,18.0,565.6,4096.0,220.0,27.7,126.0,1132.3,17.85,71.0,1575.0,7.3,48.0,91,8694.4,15708.2,55.3,1198.2,0.0,4352.0,0.0
2026-09-04T11:21:21.407,18.013,1,163,10,10.0,23.35,43.102,43.968,44.048,0.726,0.906,0.943,44.362,45.265,45.36,99.459,101.308,101.345,23.918,23.993,23.993,42.833,43.686,43.786,109.905,112.052,112.648,26.0,42.84,22.0,565.6,4096.0,220.0,27.7,126.0,1132.3,17.93,71.0,1575.0,6.3,47.0,91,8548.4,15708.2,54.4,1198.2,0.0,4352.0,0.0
2026-09-04T11:21:22.407,19.013,1,173,10,10.0,22.89,43.976,46.083,46.487,0.808,0.968,1.037,45.33,47.554,47.865,100.496,102.745,103.93,23.941,24.21,24.21,43.689,45.769,46.191,109.039,112.717,113.976,24.0,43.69,20.0,565.6,4096.0,220.0,27.7,126.0,1132.3,17.95,71.0,1575.0,10.9,50.0,91,8556.2,15708.2,54.5,1198.2,0.0,4352.0,0.0
2026-09-04T11:21:23.408,20.014,1,183,10,9.99,22.91,43.92,45.046,45.053,0.715,0.815,0.85,45.174,46.341,46.344,100.11,102.864,104.356,23.921,23.987,23.987,43.64,44.734,44.744,108.074,110.95,111.264,24.0,43.59,20.0,565.6,4096.0,220.0,27.7,126.0,1132.3,17.84,71.0,1575.0,11.3,47.9,91,8547.9,15708.2,54.4,1198.3,0.0,4352.0,0.0
2026-09-04T11:21:24.407,21.013,1,193,10,10.01,22.8,44.127,46.545,47.986,0.824,0.966,1.033,45.514,47.901,49.252,99.961,101.209,101.422,23.97,24.107,24.107,43.861,46.281,47.723,108.743,111.284,111.331,24.0,43.91,20.0,565.6,4096.0,220.0,27.7,126.0,1132.3,17.84,71.0,1575.0,6.9,49.1,91,8519.7,15708.2,54.2,1198.3,0.0,4352.0,0.0
2026-09-04T11:21:25.407,22.013,1,203,10,10.0,22.97,43.816,45.432,45.909,0.708,0.801,0.808,45.076,46.818,47.443,99.829,101.131,101.279,23.918,24.019,24.019,43.544,45.133,45.635,108.855,110.955,111.028,20.0,43.55,17.0,565.6,4096.0,220.0,27.7,126.0,1132.3,17.9,71.0,1575.0,5.3,48.0,91,8497.2,15708.2,54.1,1198.3,0.0,4352.0,0.0
2026-09-04T11:21:26.407,23.013,1,213,10,10.0,23.15,43.465,45.796,46.239,0.749,0.87,0.907,44.764,47.183,47.603,99.567,101.256,101.283,23.935,23.983,23.983,43.204,45.538,45.969,109.366,111.74,112.212,26.0,43.2,22.0,565.6,4096.0,220.0,27.7,126.0,1132.3,17.94,71.0,1575.0,8.1,49.0,91,8489.8,15708.2,54.0,1198.3,0.0,4352.0,0.0
2026-09-04T11:21:27.407,24.013,1,223,10,10.0,22.9,43.939,45.21,45.521,0.78,0.835,0.838,45.296,46.617,46.952,99.968,100.977,101.196,23.949,24.027,24.027,43.664,44.948,45.269,109.172,110.98,111.073,23.0,43.67,19.0,565.6,4096.0,220.0,27.7,126.0,1132.3,17.91,71.0,1575.0,5.7,49.0,91,8495.0,15708.2,54.1,1198.3,0.0,4352.0,0.0
2026-09-04T11:21:28.408,25.014,1,233,10,9.99,23.01,43.731,44.454,44.551,0.719,0.794,0.812,45.005,45.749,45.839,99.459,100.913,100.997,23.946,24.027,24.027,43.456,44.151,44.264,108.088,111.01,111.179,28.0,43.4,22.0,565.6,4096.0,220.0,27.7,126.0,1132.3,18.06,71.0,1575.0,6.8,48.9,91,8507.1,15708.2,54.2,1198.3,0.0,4352.0,0.0
2026-09-04T11:21:29.407,26.013,1,243,10,10.01,22.85,44.066,45.687,45.763,0.691,0.792,0.803,45.342,46.978,47.119,99.983,101.485,101.535,23.938,24.033,24.033,43.764,45.354,45.486,110.45,118.377,121.113,25.0,43.81,21.0,565.6,4096.0,220.0,27.7,126.0,1132.3,17.92,71.0,1575.0,5.7,48.1,91,8507.0,15708.2,54.2,1198.3,0.0,4352.0,0.0
2026-09-04T11:21:30.406,27.013,1,253,10,10.0,23.09,43.578,45.121,45.186,0.688,0.725,0.728,44.828,46.363,46.422,100.262,101.775,101.877,23.935,23.994,23.994,43.304,44.83,44.868,109.184,110.567,110.667,26.0,43.31,22.0,565.6,4096.0,220.0,27.7,126.0,1132.3,17.97,71.0,1575.0,5.6,49.0,91,8498.7,15708.2,54.1,1198.4,0.0,4352.0,0.0
2026-09-04T11:21:31.406,28.013,1,263,10,10.0,23.11,43.552,44.925,45.264,0.698,0.755,0.768,44.821,46.212,46.508,100.048,101.987,102.886,23.948,24.047,24.047,43.271,44.629,45.003,106.686,110.728,110.779,19.0,43.27,16.0,565.6,4096.0,220.0,27.7,126.0,1132.3,18.09,71.0,1575.0,6.6,48.0,91,8491.3,15708.2,54.1,1198.4,0.0,4352.0,0.0
2026-09-04T11:21:32.407,29.013,1,273,10,10.0,23.23,43.291,45.445,45.601,0.705,0.783,0.821,44.507,46.667,46.819,100.797,102.185,103.205,23.914,24.067,24.067,43.042,45.175,45.326,107.999,110.262,111.223,23.0,43.04,19.0,565.6,4096.0,220.0,27.7,126.0,1132.3,17.69,71.0,1575.0,7.2,48.0,91,8494.7,15708.2,54.1,1198.4,0.0,4352.0,0.0
2026-09-04T11:21:33.408,30.014,1,283,10,9.99,22.99,43.768,45.499,45.594,0.701,0.791,0.794,44.989,46.748,46.836,100.118,101.286,101.311,23.958,24.116,24.116,43.505,45.197,45.281,107.769,110.968,112.017,23.0,43.46,19.0,565.6,4096.0,220.0,27.7,126.0,1132.3,17.89,71.0,1575.0,7.5,49.0,91,8474.5,15708.2,53.9,1198.4,0.0,4352.0,0.0
2026-09-04T11:21:34.407,31.013,1,293,10,10.01,23.21,43.337,44.359,44.509,0.785,0.903,0.904,44.651,45.762,45.827,99.718,101.219,101.399,23.934,23.992,23.992,43.081,44.101,44.267,108.662,110.319,110.865,23.0,43.13,19.0,565.6,4096.0,220.0,27.7,126.0,1132.3,17.9,71.0,1575.0,12.3,48.1,91,8516.1,15708.2,54.2,1198.4,0.0,4352.0,0.0
2026-09-04T11:21:35.407,32.013,1,303,10,10.0,23.24,43.303,43.978,43.993,0.733,1.057,1.106,44.576,45.429,45.588,99.735,101.133,101.194,23.956,24.07,24.07,43.033,43.704,43.733,106.886,108.946,109.205,24.0,43.03,20.0,565.6,4096.0,220.0,27.7,126.0,1132.3,18.15,72.0,1575.0,11.3,48.0,91,8524.6,15708.2,54.3,1198.4,0.0,4352.0,0.0
2026-09-04T11:21:36.407,33.013,1,313,10,10.0,23.07,43.611,45.047,45.117,0.813,0.969,0.976,44.969,46.391,46.501,99.865,100.89,100.943,23.938,24.068,24.068,43.345,44.783,44.853,107.872,109.495,109.614,23.0,43.35,19.0,565.6,4096.0,220.0,27.7,126.0,1132.3,17.93,71.0,1575.0,9.8,49.0,91,8530.7,15708.2,54.3,1198.4,0.0,4352.0,0.0
2026-09-04T11:21:37.407,34.013,1,323,10,10.0,23.47,42.876,43.85,43.937,0.778,0.863,0.878,44.163,45.044,45.09,99.2,101.711,102.412,23.947,24.052,24.052,42.611,43.561,43.618,106.904,111.709,111.975,18.0,42.62,16.0,565.6,4096.0,220.0,27.7,126.0,1132.3,18.05,72.0,1575.0,8.5,46.0,91,8517.8,15708.2,54.2,1198.4,0.0,4352.0,0.0
2026-09-04T11:21:38.408,35.014,1,333,10,9.99,23.22,43.312,44.763,45.898,0.719,0.871,0.901,44.517,46.08,47.182,99.698,103.215,104.66,23.929,23.989,23.989,43.064,44.504,45.619,106.617,111.616,112.17,24.0,43.02,20.0,565.6,4096.0,220.0,27.7,126.0,1132.3,18.05,72.0,1575.0,11.8,48.9,91,8528.8,15708.2,54.3,1198.4,0.0,4352.0,0.0
2026-09-04T11:21:39.406,36.013,1,343,10,10.01,23.28,43.211,45.316,46.987,0.777,1.119,1.233,44.479,46.621,48.215,99.881,102.089,102.228,23.942,24.029,24.029,42.961,45.039,46.69,105.634,108.283,108.294,24.0,43.01,20.0,565.6,4096.0,220.0,27.7,126.0,1132.3,18.05,72.0,1575.0,11.5,48.1,91,8545.8,15708.2,54.4,1198.4,0.0,4352.0,0.0
2026-09-04T11:21:40.407,37.013,1,353,10,10.0,23.37,43.07,43.889,44.241,0.677,0.783,0.82,44.297,45.203,45.498,99.941,101.544,101.826,23.907,23.969,23.969,42.795,43.614,43.955,106.023,108.805,109.124,22.0,42.79,19.0,565.6,4096.0,220.0,27.7,126.0,1132.3,17.99,72.0,1575.0,9.1,47.0,91,8555.5,15708.2,54.5,1198.4,0.0,4352.0,0.0
2026-09-04T11:21:41.407,38.013,1,363,10,10.0,23.35,43.088,43.853,44.201,0.7,0.742,0.746,44.328,45.126,45.48,100.254,101.654,101.729,23.916,23.995,23.995,42.826,43.594,43.948,106.078,110.351,111.918,16.0,42.82,15.0,565.6,4096.0,220.0,27.7,126.0,1132.3,17.85,72.0,1575.0,6.1,48.0,91,8539.8,15708.2,54.4,1198.4,0.0,4352.0,0.0
2026-09-04T11:21:42.408,39.013,1,373,10,10.0,23.2,43.371,44.203,44.268,0.719,0.863,0.891,44.637,45.439,45.482,99.372,101.838,102.011,23.924,24.082,24.082,43.11,43.914,43.986,105.505,109.179,109.703,24.0,43.12,20.0,565.6,4096.0,220.0,27.7,126.0,1132.3,18.11,72.0,1575.0,7.5,49.0,91,8524.5,15708.2,54.3,1198.4,0.0,4352.0,0.0
2026-09-04T11:21:43.408,40.014,1,383,10,9.99,22.8,44.147,46.44,47.882,0.661,0.712,0.714,45.36,47.667,49.119,99.738,100.812,100.972,23.903,24.08,24.08,43.855,46.115,47.56,105.414,107.027,107.487,24.0,43.81,20.0,565.6,4096.0,220.0,27.7,126.0,1132.3,18.04,72.0,1575.0,6.9,49.0,91,8517.0,15708.2,54.2,1198.4,0.0,4352.0,0.0
2026-09-04T11:21:44.407,41.013,1,393,10,10.01,23.07,43.624,44.818,45.104,0.689,0.727,0.732,44.829,46.008,46.24,100.348,101.178,101.192,23.907,23.972,23.972,43.345,44.473,44.7,106.571,109.087,110.406,24.0,43.39,20.0,565.6,4096.0,220.0,27.7,126.0,1132.3,18.06,72.0,1575.0,6.9,48.0,91,8523.1,15708.2,54.3,1198.4,0.0,4352.0,0.0
2026-09-04T11:21:45.407,42.013,1,403,10,10.0,22.8,44.154,46.466,47.886,0.792,0.975,1.088,45.484,47.758,49.143,99.438,101.044,101.076,24.002,24.753,24.753,43.851,45.998,47.256,105.431,108.458,108.833,24.0,43.85,20.0,565.6,4096.0,220.0,27.7,126.0,1132.3,18.06,72.0,1575.0,5.8,49.0,91,8530.4,15708.2,54.3,1198.4,0.0,4352.0,0.0
2026-09-04T11:21:46.407,43.013,1,413,10,10.0,22.99,43.833,46.13,47.723,0.739,0.826,0.85,45.106,47.448,49.031,100.837,102.226,102.602,23.925,24.002,24.002,43.493,45.443,46.695,106.476,107.856,107.913,24.0,43.49,20.0,565.6,4096.0,220.0,27.7,126.0,1132.3,18.06,72.0,1575.0,6.5,48.0,91,8531.9,15708.2,54.3,1198.4,0.0,4352.0,0.0
2026-09-04T11:21:47.407,44.013,1,423,10,10.0,23.09,43.565,44.469,44.59,0.692,0.725,0.725,44.784,45.818,45.925,99.464,101.239,101.912,23.938,24.015,24.015,43.302,44.16,44.277,105.219,107.634,108.462,24.0,43.3,20.0,565.6,4096.0,220.0,27.7,126.0,1132.3,18.09,72.0,1575.0,13.2,48.0,91,8531.9,15708.2,54.3,1198.4,0.0,4352.0,0.0
2026-09-04T11:21:48.409,45.015,1,433,10,9.98,22.9,43.989,47.548,48.081,0.781,0.99,1.051,45.272,48.741,49.196,99.778,101.526,101.774,23.949,24.072,24.072,43.667,46.957,47.219,105.077,107.275,107.636,24.0,43.58,20.0,565.6,4096.0,220.0,27.7,126.0,1132.3,18.12,72.0,1575.0,14.2,47.9,91,8683.2,15708.2,55.3,1198.4,0.0,4352.0,0.0
2026-09-04T11:21:49.407,46.013,1,443,10,10.02,23.1,43.566,45.53,46.291,0.814,0.972,0.987,44.885,46.759,47.491,100.347,101.12,101.204,23.945,24.002,24.002,43.296,45.194,45.935,106.064,107.613,108.286,24.0,43.39,20.0,565.6,4096.0,220.0,27.7,126.0,1132.3,18.04,72.0,1575.0,16.8,47.1,91,8734.2,15708.2,55.6,1198.4,0.0,4352.0,0.0
2026-09-04T11:21:50.407,47.013,1,453,10,10.0,23.37,43.075,43.971,44.093,0.688,0.728,0.732,44.229,45.181,45.319,99.505,101.035,101.545,23.94,24.056,24.056,42.783,43.715,43.855,105.213,108.084,108.203,24.0,42.79,20.0,565.6,4096.0,220.0,27.7,126.0,1132.3,18.07,72.0,1575.0,18.3,49.0,91,8713.5,15708.2,55.5,1199.4,0.0,4352.0,0.0
2026-09-04T11:21:51.407,48.013,1,463,10,10.0,23.71,42.419,43.417,43.576,0.979,1.5,1.826,43.805,44.646,44.66,100.042,101.702,101.761,23.895,24.048,24.048,42.174,43.169,43.332,105.741,107.999,108.192,24.0,42.17,20.0,565.6,4096.0,220.0,27.7,126.0,1132.3,18.08,72.0,1575.0,13.3,47.0,91,8735.4,15708.2,55.6,1198.4,0.0,4352.0,0.0
2026-09-04T11:21:52.406,49.013,1,473,10,10.0,22.92,43.888,47.583,50.54,0.82,1.058,1.091,45.165,48.835,51.77,99.916,101.009,101.151,23.907,23.981,23.981,43.621,47.289,50.248,105.645,106.669,106.975,24.0,43.62,20.0,565.6,4096.0,220.0,27.7,126.0,1132.3,18.09,72.0,1575.0,10.3,47.0,91,8842.6,15708.2,56.3,1198.5,0.0,4352.0,0.0
2026-09-04T11:21:53.408,50.014,1,483,10,9.99,23.87,42.124,44.241,45.14,0.7,0.815,0.857,43.285,45.415,46.305,99.844,101.355,101.53,23.911,23.985,23.985,41.887,44.0,44.91,105.147,107.093,107.392,24.0,41.84,20.0,565.6,4096.0,220.0,27.7,126.0,1132.3,18.09,72.0,1575.0,14.4,46.9,91,8947.3,15708.2,57.0,1198.5,0.0,4352.0,0.0
2026-09-04T11:21:54.407,51.013,1,493,10,10.01,22.85,44.042,45.977,46.518,0.71,0.783,0.788,45.25,47.265,47.788,99.462,101.08,101.298,23.959,24.03,24.03,43.763,45.689,46.239,105.63,108.311,109.04,24.0,43.81,20.0,565.6,4096.0,220.0,27.7,126.0,1132.3,18.11,72.0,1575.0,12.6,48.0,91,8811.0,15708.2,56.1,1199.5,0.0,4352.0,0.0
2026-09-04T11:21:55.407,52.013,1,503,10,10.0,23.1,43.533,45.09,45.362,0.745,0.807,0.821,44.778,46.335,46.527,100.603,102.169,102.224,23.949,24.059,24.059,43.289,44.849,45.136,106.367,108.412,108.549,24.0,43.29,20.0,565.6,4096.0,220.0,27.7,126.0,1132.3,18.11,72.0,1575.0,11.7,48.0,91,8818.0,15708.2,56.1,1199.0,0.0,4352.0,0.0
2026-09-04T11:21:56.407,53.013,1,513,10,10.0,23.05,43.656,45.365,46.263,0.705,0.8,0.809,44.872,46.639,47.575,100.016,101.034,101.245,23.928,24.003,24.003,43.393,45.084,45.97,105.242,106.463,106.561,24.0,43.38,20.0,565.6,4096.0,220.0,27.7,126.0,1132.3,18.11,72.0,1575.0,7.6,48.0,91,8783.4,15708.2,55.9,1199.4,0.0,4352.0,0.0
2026-09-04T11:21:57.407,54.013,1,523,10,10.0,23.15,43.448,45.785,47.005,0.81,0.963,1.064,44.759,47.069,48.284,99.615,101.432,102.147,23.912,23.972,23.972,43.189,45.487,46.666,105.315,109.568,110.869,24.0,43.2,20.0,565.6,4096.0,220.0,27.7,126.0,1132.3,18.13,72.0,1575.0,9.8,49.0,91,8830.0,15708.2,56.2,1199.6,0.0,4352.0,0.0
2026-09-04T11:21:58.407,55.014,1,533,10,9.99,23.3,43.158,44.557,44.684,0.809,0.987,1.068,44.414,45.844,45.921,99.971,101.794,101.837,23.909,23.97,23.97,42.911,44.284,44.424,108.555,112.136,112.47,24.0,42.87,20.0,565.6,4096.0,220.0,27.7,126.0,1132.3,18.14,73.0,1575.0,6.8,48.0,91,8823.1,15708.2,56.2,1200.0,0.0,4352.0,0.0
2026-09-04T11:21:59.407,56.013,1,543,10,10.01,23.34,43.101,44.652,45.012,0.781,0.919,0.94,44.348,45.964,46.198,99.924,101.486,101.533,23.903,23.956,23.956,42.845,44.409,44.786,105.733,108.096,109.06,24.0,42.88,20.0,565.6,4096.0,220.0,27.7,126.0,1132.3,18.14,72.0,1575.0,7.2,47.0,91,8780.1,15708.2,55.9,1199.4,0.0,4352.0,0.0
2026-09-04T11:22:00.407,57.013,1,553,10,10.0,23.34,43.089,44.482,44.841,0.677,0.724,0.727,44.212,45.624,46.026,99.943,101.625,101.883,23.917,23.969,23.969,42.842,44.216,44.563,109.843,112.544,113.071,24.0,42.84,20.0,565.6,4096.0,220.0,27.7,126.0,1132.3,18.14,73.0,1575.0,7.6,49.0,91,8767.6,15708.2,55.8,1200.5,0.0,4352.0,0.0
2026-09-04T11:22:01.407,58.013,1,563,10,10.0,22.76,44.202,46.659,47.663,0.693,0.734,0.734,45.391,47.833,48.874,100.088,101.709,101.88,23.929,23.974,23.974,43.939,46.419,47.426,107.193,111.119,111.588,24.0,43.94,20.0,565.6,4096.0,220.0,27.7,126.0,1132.3,18.17,73.0,1575.0,6.3,47.0,91,8767.2,15708.2,55.8,1199.8,0.0,4352.0,0.0
2026-09-04T11:22:02.407,59.013,1,573,10,10.0,23.01,43.724,45.239,45.874,0.7,0.746,0.753,44.922,46.562,47.057,99.653,101.674,101.868,23.939,23.997,23.997,43.451,44.942,45.621,112.677,124.443,133.025,24.0,43.45,20.0,565.6,4096.0,220.0,57.7,126.0,1132.3,18.2,72.0,1575.0,6.4,49.0,91,8746.8,15708.2,55.7,1201.1,0.0,4352.0,0.0
2026-09-04T11:22:03.409,60.015,1,583,10,9.98,23.02,43.732,44.805,44.846,0.714,0.77,0.777,45.083,46.177,46.186,99.692,101.203,101.363,23.975,24.488,24.488,43.437,44.505,44.568,111.987,114.967,115.221,24.0,43.36,20.0,565.6,4096.0,220.0,27.7,126.0,1132.3,18.2,73.0,1575.0,7.1,47.9,91,8740.5,15708.2,55.6,1200.3,0.0,4352.0,0.0
2026-09-04T11:22:04.407,61.013,1,593,10,10.02,22.89,43.986,47.51,49.489,0.825,1.024,1.106,45.408,49.028,51.117,100.01,101.739,102.138,24.025,24.272,24.272,43.678,47.162,49.138,111.992,115.839,115.843,24.0,43.76,20.0,565.6,4096.0,220.0,27.7,126.0,1132.3,18.18,73.0,1575.0,9.4,49.1,91,9004.5,15708.2,57.3,1200.0,0.0,4352.0,0.0
2026-09-04T11:22:05.407,62.013,1,603,10,10.0,23.05,43.687,45.231,45.345,0.786,0.968,1.043,45.04,46.616,46.626,100.314,102.8,103.49,23.926,24.022,24.022,43.387,44.95,45.049,111.149,113.866,113.905,24.0,43.39,20.0,565.6,4096.0,220.0,27.7,126.0,1132.3,18.2,73.0,1575.0,7.3,48.0,91,9014.2,15708.2,57.4,1199.3,0.0,4352.0,0.0
2026-09-04T11:22:06.407,63.013,1,613,10,10.0,22.78,44.19,45.402,45.405,0.811,0.92,0.966,45.551,46.777,46.924,99.788,102.681,102.883,23.942,24.009,24.009,43.9,45.102,45.117,109.969,113.174,113.473,24.0,43.9,20.0,565.6,4096.0,220.0,27.7,126.0,1132.3,18.2,73.0,1575.0,9.1,48.0,91,9053.6,15708.2,57.6,1200.3,0.0,4352.0,0.0
2026-09-04T11:22:07.407,64.013,1,623,10,10.0,23.16,43.452,46.819,47.663,0.781,0.91,0.981,44.849,48.202,48.977,99.578,101.962,102.083,23.936,24.024,24.024,43.18,46.563,47.403,111.071,114.709,114.925,24.0,43.18,20.0,565.6,4096.0,220.0,29.8,126.0,1132.3,18.2,73.0,1575.0,9.2,50.0,91,9201.1,15708.2,58.6,1201.2,0.0,4352.0,0.0
2026-09-04T11:22:08.408,65.014,1,633,10,9.99,23.67,42.537,43.297,43.593,0.773,0.991,0.995,43.908,44.782,45.004,100.117,102.223,102.82,23.901,23.952,23.952,42.243,42.986,43.272,111.687,115.522,115.727,24.0,42.19,20.0,565.6,4096.0,220.0,27.7,126.0,1132.3,18.22,73.0,1575.0,7.4,46.0,91,9033.6,15708.2,57.5,1200.1,0.0,4352.0,0.0
2026-09-04T11:22:09.407,66.013,1,643,10,10.01,22.79,44.174,47.915,49.8,0.724,0.914,1.034,45.513,49.353,51.35,99.686,101.396,102.204,23.956,24.01,24.01,43.88,47.612,49.471,110.237,113.398,113.407,24.0,43.92,20.0,565.6,4096.0,220.0,29.8,126.0,1132.3,18.25,73.0,1575.0,8.0,49.0,91,8939.6,15708.2,56.9,1201.2,0.0,4352.0,0.0
2026-09-04T11:22:10.407,67.013,1,653,10,10.0,23.23,43.336,44.467,44.786,0.755,0.911,0.945,44.719,45.95,46.301,100.13,101.374,101.385,23.936,23.993,23.993,43.054,44.2,44.512,110.726,116.048,116.975,24.0,43.06,20.0,565.6,4096.0,220.0,77.7,126.0,1132.3,18.24,73.0,1575.0,6.4,48.0,91,8907.1,15708.2,56.7,1201.2,0.0,4352.0,0.0
2026-09-04T11:22:11.407,68.013,1,663,10,10.0,23.23,43.316,44.968,46.015,0.754,0.998,1.045,44.681,46.34,47.262,100.146,101.88,102.043,24.079,25.543,25.543,43.044,44.674,45.71,109.761,113.958,114.964,24.0,43.04,20.0,565.6,4096.0,220.0,42.7,126.0,1132.3,18.25,73.0,1575.0,8.4,48.0,91,8972.8,15708.2,57.1,1201.2,0.0,4352.0,0.0
2026-09-04T11:22:12.407,69.013,1,673,10,10.0,23.35,43.113,43.826,43.853,0.829,1.032,1.051,44.534,45.232,45.28,99.431,101.103,101.287,23.937,24.034,24.034,42.834,43.54,43.561,110.463,115.253,118.087,24.0,42.83,20.0,565.6,4096.0,220.0,29.8,126.0,1132.3,18.25,73.0,1575.0,6.9,48.0,91,8926.6,15708.2,56.8,1201.2,0.0,4352.0,0.0
2026-09-04T11:22:13.408,70.015,1,683,10,9.98,23.36,43.111,43.655,43.707,0.951,1.31,1.392,44.669,45.162,45.217,100.406,103.386,104.225,23.919,23.977,23.977,42.815,43.346,43.415,108.818,111.799,112.169,24.0,42.75,20.0,565.6,4096.0,220.0,59.7,126.0,1132.3,18.24,73.0,1575.0,7.6,47.9,91,8867.4,15708.2,56.5,1201.2,0.0,4352.0,0.0
2026-09-04T11:22:14.407,71.013,1,693,10,10.02,23.05,43.655,44.932,45.419,0.742,0.906,0.954,45.034,46.329,46.928,99.967,101.354,101.693,23.956,24.064,24.064,43.38,44.661,45.157,109.887,111.416,111.562,24.0,43.45,20.0,565.6,4096.0,220.0,29.8,126.0,1132.3,18.25,73.0,1575.0,8.3,47.1,91,8856.3,15708.2,56.4,1201.2,0.0,4352.0,0.0
2026-09-04T11:22:15.407,72.013,1,703,10,10.0,23.34,43.142,43.951,44.088,0.764,0.948,1.026,44.535,45.351,45.519,99.241,101.652,102.015,23.941,24.219,24.219,42.842,43.635,43.799,109.058,112.549,112.686,24.0,42.84,20.0,565.6,4096.0,220.0,29.8,126.0,1132.3,18.26,73.0,1575.0,7.0,48.0,91,8851.3,15708.2,56.3,1201.2,0.0,4352.0,0.0
2026-09-04T11:22:16.407,73.013,1,713,10,10.0,23.34,43.104,43.958,44.116,0.941,1.365,1.434,44.658,45.475,45.536,100.088,101.841,102.077,23.901,23.936,23.936,42.836,43.683,43.846,109.935,112.773,113.243,24.0,42.84,20.0,565.6,4096.0,220.0,29.8,126.0,1132.3,18.27,73.0,1575.0,7.0,48.0,91,8852.9,15708.2,56.4,1201.2,0.0,4352.0,0.0
2026-09-04T11:22:17.407,74.013,1,723,10,10.0,23.46,42.889,43.657,43.959,0.979,1.282,1.35,44.469,45.387,45.869,100.425,101.63,101.85,23.92,23.999,23.999,42.619,43.386,43.67,109.811,111.95,112.109,24.0,42.62,20.0,565.6,4096.0,220.0,44.6,126.0,1132.3,18.27,73.0,1575.0,7.3,48.0,91,8846.2,15708.2,56.3,1201.2,0.0,4352.0,0.0
2026-09-04T11:22:18.408,75.014,1,733,10,9.99,23.41,43.014,44.172,44.395,0.776,0.842,0.844,44.391,45.632,45.855,99.555,101.575,102.008,23.892,23.924,23.924,42.725,43.874,44.119,109.105,111.94,112.313,24.0,42.68,20.0,565.6,4096.0,220.0,29.8,126.0,1132.3,18.28,73.0,1575.0,8.8,47.0,91,8794.3,15708.2,56.0,1201.2,0.0,4352.0,0.0
2026-09-04T11:22:19.407,76.013,1,743,10,10.01,23.51,42.825,44.022,44.514,0.918,1.225,1.269,44.516,45.998,46.022,99.813,101.606,101.762,23.901,23.957,23.957,42.536,43.711,44.197,109.895,111.932,112.079,24.0,42.59,20.0,565.6,4096.0,220.0,29.8,126.0,1132.3,18.28,73.0,1575.0,9.6,48.1,91,8770.7,15708.2,55.8,1201.2,0.0,4352.0,0.0
2026-09-04T11:22:20.407,77.013,1,753,10,10.0,23.62,42.629,43.326,43.446,0.893,0.975,0.995,44.098,44.879,44.97,99.989,101.889,102.147,23.917,23.999,23.999,42.334,42.985,43.088,109.399,112.289,112.443,24.0,42.33,20.0,565.6,4096.0,220.0,29.8,126.0,1132.3,18.29,73.0,1575.0,7.5,47.0,91,8773.9,15708.2,55.9,1201.2,0.0,4352.0,0.0
2026-09-04T11:22:21.407,78.013,1,763,10,10.0,23.51,42.813,43.659,43.977,0.792,0.838,0.848,44.237,45.084,45.431,100.345,101.959,102.173,23.92,23.967,23.967,42.542,43.385,43.716,109.694,112.328,112.426,24.0,42.54,20.0,565.6,4096.0,220.0,29.8,126.0,1132.3,18.3,73.0,1575.0,7.5,48.0,91,8649.5,15708.2,55.1,1201.2,0.0,4352.0,0.0
2026-09-04T11:22:22.406,79.013,1,773,10,10.0,23.45,42.953,44.096,44.099,0.82,0.932,0.964,44.363,45.533,45.538,99.264,101.078,101.7,23.934,24.002,24.002,42.642,43.743,43.767,109.061,111.419,112.097,24.0,42.65,20.0,565.6,4096.0,220.0,29.8,126.0,1132.3,18.3,73.0,1575.0,7.0,48.0,91,8646.9,15708.2,55.0,1201.2,0.0,4352.0,0.0
2026-09-04T11:22:23.408,80.014,1,783,10,9.99,23.36,43.098,44.068,44.307,0.884,1.072,1.146,44.608,45.582,45.775,100.023,101.74,101.785,23.906,23.954,23.954,42.802,43.759,44.005,113.267,127.776,137.737,24.0,42.75,20.0,565.6,4096.0,220.0,29.8,126.0,1132.3,18.3,73.0,1575.0,7.7,49.9,91,8767.0,15708.2,55.8,1201.2,0.0,4352.0,0.0
2026-09-04T11:22:24.407,81.013,1,793,10,10.01,23.38,43.053,44.665,45.405,0.857,0.978,0.989,44.508,46.221,46.854,99.884,101.859,101.94,24.112,25.7,25.7,42.769,44.364,45.133,109.967,112.491,112.615,24.0,42.82,20.0,565.6,4096.0,220.0,29.8,126.0,1132.3,18.31,73.0,1575.0,8.4,46.1,91,8767.5,15708.2,55.8,1201.2,0.0,4352.0,0.0
2026-09-04T11:22:25.407,82.013,1,803,10,10.0,23.65,42.556,43.253,43.268,0.783,0.852,0.881,43.933,44.703,44.706,100.131,101.481,101.61,23.927,23.971,23.971,42.278,42.966,42.976,109.769,112.071,112.669,24.0,42.28,20.0,565.6,4096.0,220.0,29.8,126.0,1132.3,18.3,73.0,1575.0,8.1,48.0,91,8691.1,15708.2,55.3,1201.2,0.0,4352.0,0.0
2026-09-04T11:22:26.407,83.013,1,813,10,10.0,23.77,42.325,43.288,43.686,0.783,0.869,0.901,43.644,44.606,44.933,99.948,101.614,101.819,23.907,23.979,23.979,42.064,43.005,43.397,109.21,111.923,112.402,24.0,42.06,20.0,565.6,4096.0,220.0,29.8,126.0,1132.3,18.32,73.0,1575.0,9.9,47.0,91,8700.5,15708.2,55.4,1201.2,0.0,4352.0,0.0
2026-09-04T11:22:27.407,84.013,1,823,10,10.0,23.19,43.414,45.317,46.242,0.772,0.842,0.875,44.756,46.714,47.616,99.827,101.718,101.831,23.946,24.017,24.017,43.118,45.037,45.948,109.791,113.488,114.793,24.0,43.12,20.0,565.6,4096.0,220.0,29.8,126.0,1132.3,18.31,73.0,1575.0,15.2,47.0,91,8935.7,15708.2,56.9,1201.2,0.0,4352.0,0.0
2026-09-04T11:22:28.408,85.014,1,833,10,9.99,23.15,43.483,44.959,45.62,0.836,0.968,1.035,44.935,46.379,47.012,99.517,101.582,101.617,23.937,24.085,24.085,43.194,44.669,45.35,109.651,111.719,112.186,24.0,43.15,20.0,565.6,4096.0,220.0,29.8,126.0,1132.3,18.32,73.0,1575.0,13.4,49.9,91,8937.1,15708.2,56.9,1201.2,0.0,4352.0,0.0
2026-09-04T11:22:29.407,86.013,1,843,10,10.01,22.46,44.814,47.696,48.197,1.007,1.411,1.428,46.447,49.269,49.947,100.233,103.56,104.362,24.095,25.089,25.089,44.52,47.383,47.888,109.848,112.919,113.117,24.0,44.57,20.0,565.6,4096.0,220.0,29.8,126.0,1132.3,18.32,74.0,1575.0,13.5,49.1,91,8945.1,15708.2,56.9,1201.2,0.0,4352.0,0.0
2026-09-04T11:22:30.407,87.013,1,853,10,10.0,23.42,43.004,43.927,44.044,1.492,2.28,2.673,45.117,46.139,46.203,99.575,101.552,101.68,23.935,24.003,24.003,42.7,43.594,43.715,109.822,112.0,112.437,24.0,42.7,20.0,565.6,4096.0,220.0,29.8,126.0,1132.3,18.32,73.0,1575.0,12.7,48.0,91,8940.3,15708.2,56.9,1201.2,0.0,4352.0,0.0
2026-09-04T11:22:31.407,88.013,1,863,10,10.0,22.63,44.477,46.22,47.082,1.659,1.957,1.962,46.749,48.342,49.024,99.721,100.877,100.944,23.985,24.23,24.23,44.188,45.936,46.818,109.589,112.042,112.462,24.0,44.18,20.0,565.6,4096.0,220.0,29.8,126.0,1132.3,18.33,74.0,1575.0,12.8,51.0,91,8943.5,15708.2,56.9,1201.2,0.0,4352.0,0.0
2026-09-04T11:22:32.408,89.014,1,874,11,10.99,22.84,44.082,46.194,47.431,1.714,2.108,2.153,46.398,48.192,49.309,99.683,101.974,102.228,24.038,24.176,24.179,43.79,45.915,47.18,109.161,111.807,112.415,24.0,48.11,20.0,565.6,4096.0,220.0,27.7,126.0,1132.3,18.36,74.0,1575.0,12.8,49.9,91,8951.8,15708.2,57.0,1198.6,0.0,4352.0,0.0
2026-09-04T11:22:33.409,90.015,1,883,9,8.99,23.36,43.12,44.632,45.227,1.026,1.322,1.333,44.73,46.463,47.019,99.852,102.193,102.711,24.064,24.975,24.975,42.814,44.337,44.894,109.767,112.913,113.377,24.0,38.51,20.0,565.6,4096.0,220.0,29.8,126.0,1132.3,18.37,73.0,1575.0,12.4,48.0,91,8946.4,15708.2,57.0,1204.4,0.0,4352.0,0.0
2026-09-04T11:22:34.407,91.013,1,893,10,10.02,23.1,43.586,46.544,49.178,1.203,1.618,1.632,45.373,48.326,50.569,100.352,102.754,103.782,23.935,24.014,24.014,43.297,46.245,48.878,110.227,112.826,112.872,24.0,43.38,20.0,565.6,4096.0,220.0,29.8,126.0,1132.3,18.39,74.0,1575.0,13.9,49.1,91,8942.8,15708.2,56.9,1204.4,0.0,4352.0,0.0
2026-09-04T11:22:35.407,92.013,1,903,10,10.0,22.61,44.535,46.934,46.992,1.764,1.938,1.951,46.916,49.2,49.231,99.436,101.43,101.67,23.923,24.025,24.025,44.23,46.628,46.667,110.332,113.887,114.779,24.0,44.23,20.0,565.6,4096.0,220.0,29.8,126.0,1132.3,18.38,74.0,1575.0,12.5,50.0,91,8945.4,15708.2,56.9,1204.4,0.0,4352.0,0.0
2026-09-04T11:22:36.407,93.013,1,913,10,10.0,22.5,44.729,48.426,50.897,1.639,1.889,1.943,46.979,50.467,52.774,99.918,101.618,101.809,23.925,24.018,24.018,44.446,48.133,50.584,109.379,112.61,113.517,24.0,44.45,20.0,565.6,4096.0,220.0,29.8,126.0,1132.3,18.37,74.0,1575.0,13.6,50.0,91,8942.0,15708.2,56.9,1204.4,0.0,4352.0,0.0
2026-09-04T11:22:37.407,94.013,1,923,10,10.0,21.41,46.995,49.487,51.538,1.319,1.534,1.606,48.929,51.539,53.405,100.502,101.857,102.052,23.927,24.036,24.036,46.712,49.181,51.221,110.709,112.214,112.218,24.0,46.71,20.0,565.6,4096.0,220.0,29.8,126.0,1132.3,18.36,74.0,1575.0,13.6,52.0,91,8930.2,15708.2,56.9,1204.4,0.0,4352.0,0.0
2026-09-04T11:22:38.408,95.014,1,934,11,10.99,22.63,44.499,49.176,52.282,0.923,1.286,1.317,46.033,50.815,54.081,99.296,100.924,101.048,23.99,24.102,24.104,44.193,48.835,51.946,108.487,111.504,111.53,24.0,48.56,20.0,565.6,4096.0,220.0,27.7,126.0,1132.3,18.38,74.0,1575.0,13.7,49.0,91,8920.3,15708.2,56.8,1198.6,0.0,4352.0,0.0
2026-09-04T11:22:39.406,96.013,1,944,10,10.01,23.38,43.057,46.248,46.365,0.856,0.951,1.006,44.497,47.773,47.97,100.395,102.545,103.015,23.971,24.174,24.174,42.764,45.894,45.996,110.668,114.375,114.86,24.0,42.81,20.0,565.6,4096.0,220.0,27.7,126.0,1132.3,18.4,74.0,1575.0,14.0,48.1,91,8913.8,15708.2,56.7,1198.6,0.0,4352.0,0.0
2026-09-04T11:22:40.407,97.013,1,954,10,10.0,23.51,42.818,43.252,43.324,0.819,0.866,0.867,44.229,44.65,44.714,99.918,101.91,102.152,23.921,23.965,23.965,42.539,42.97,43.002,110.101,112.412,112.622,24.0,42.54,20.0,565.6,4096.0,220.0,27.7,126.0,1132.3,18.4,74.0,1575.0,13.6,47.0,91,8915.4,15708.2,56.8,1198.6,0.0,4352.0,0.0
2026-09-04T11:22:41.406,98.013,1,964,10,10.0,23.46,42.912,43.376,43.594,0.954,1.243,1.272,44.472,45.083,45.444,100.329,101.69,101.817,23.923,23.978,23.978,42.621,43.028,43.243,110.272,112.488,112.685,24.0,42.62,20.0,565.6,4096.0,220.0,27.7,126.0,1132.3,18.42,74.0,1575.0,13.8,49.0,91,8913.2,15708.2,56.7,1198.6,0.0,4352.0,0.0
2026-09-04T11:22:42.407,99.013,1,973,9,9.0,23.47,42.898,43.414,43.422,0.909,1.081,1.112,44.392,44.853,44.886,99.935,101.657,101.859,23.922,23.984,23.984,42.607,43.132,43.149,109.897,113.568,114.554,24.0,38.34,20.0,565.6,4096.0,220.0,29.8,126.0,1132.3,18.4,74.0,1575.0,13.6,47.0,91,8907.5,15708.2,56.7,1204.4,0.0,4352.0,0.0
2026-09-04T11:22:43.408,100.014,1,984,11,10.99,23.18,43.417,46.359,48.999,0.91,1.099,1.158,44.911,47.705,50.338,99.327,101.217,101.225,23.909,23.964,23.964,43.149,46.099,48.729,110.011,113.047,113.883,24.0,47.41,20.0,565.6,4096.0,220.0,27.7,126.0,1132.3,18.41,74.0,1575.0,13.3,48.0,91,8909.3,15708.2,56.7,1198.6,0.0,4352.0,0.0
2026-09-04T11:22:44.407,101.013,1,994,10,10.01,23.37,43.059,44.039,44.073,0.906,1.007,1.033,44.534,45.445,45.466,100.377,101.576,101.867,23.955,24.099,24.099,42.782,43.767,43.803,110.083,111.359,111.391,24.0,42.82,20.0,565.6,4096.0,220.0,27.7,126.0,1132.3,18.44,74.0,1575.0,13.7,48.0,91,8904.3,15708.2,56.7,1198.6,0.0,4352.0,0.0
2026-09-04T11:22:45.406,102.013,1,1004,10,10.0,22.33,45.082,46.324,46.691,0.951,1.367,1.381,46.634,47.86,48.188,99.407,101.823,101.933,24.036,24.426,24.426,44.775,46.004,46.344,109.366,112.486,112.609,24.0,44.79,20.0,565.6,4096.0,220.0,27.7,126.0,1132.3,18.44,74.0,1575.0,13.7,51.0,91,8908.3,15708.2,56.7,1198.6,0.0,4352.0,0.0
2026-09-04T11:22:46.407,103.013,1,1014,10,10.0,22.95,43.862,45.281,45.522,1.668,2.383,2.547,46.11,47.499,47.855,100.417,101.757,101.87,23.967,24.036,24.036,43.565,45.008,45.243,109.476,112.24,112.585,24.0,43.56,20.0,565.6,4096.0,220.0,27.7,126.0,1132.3,18.44,74.0,1575.0,12.6,49.0,91,8923.7,15708.2,56.8,1198.6,0.0,4352.0,0.0
2026-09-04T11:22:47.407,104.013,1,1024,10,10.0,22.27,45.189,47.346,47.489,1.795,1.886,1.903,47.598,49.727,49.853,99.78,101.557,101.968,23.965,24.1,24.1,44.893,47.044,47.196,110.216,113.13,113.65,24.0,44.89,20.0,565.6,4096.0,220.0,27.7,126.0,1132.3,18.45,74.0,1575.0,13.0,51.0,91,8917.8,15708.2,56.8,1198.6,0.0,4352.0,0.0
2026-09-04T11:22:48.408,105.014,1,1034,10,9.99,23.54,42.768,45.746,46.794,1.824,2.136,2.165,45.14,48.302,49.434,99.667,102.614,103.134,23.946,24.263,24.263,42.48,45.469,46.521,109.337,112.288,112.783,24.0,42.43,20.0,565.6,4096.0,220.0,27.7,126.0,1132.3,18.46,74.0,1575.0,21.1,49.0,91,9072.6,15708.2,57.8,1198.6,0.0,4352.0,0.0
2026-09-04T11:22:49.407,106.013,1,1044,10,10.01,23.82,42.262,42.968,43.114,1.727,2.179,2.324,44.611,45.824,46.009,100.376,102.031,102.101,23.943,24.203,24.203,41.983,42.655,42.811,110.705,113.15,113.186,24.0,42.03,20.0,565.6,4096.0,220.0,27.7,126.0,1132.3,18.46,74.0,1575.0,21.8,48.1,91,9113.9,15708.2,58.0,1198.6,0.0,4352.0,0.0
2026-09-04T11:22:50.407,107.013,1,1054,10,10.0,23.66,42.553,43.442,43.625,1.614,1.963,2.102,44.78,45.954,46.289,99.43,101.266,101.517,23.922,23.96,23.96,42.271,43.148,43.321,108.955,111.546,111.895,24.0,42.27,20.0,565.6,4096.0,220.0,27.7,126.0,1132.3,18.48,74.0,1575.0,21.4,48.0,91,9225.4,15708.2,58.7,1198.6,0.0,4352.0,0.0
2026-09-04T11:22:51.407,108.013,1,1064,10,10.0,22.54,44.665,47.892,49.694,1.478,1.96,1.963,46.775,50.164,51.79,100.041,102.016,102.339,23.959,24.081,24.081,44.368,47.564,49.34,109.972,112.942,113.076,24.0,44.37,20.0,565.6,4096.0,220.0,27.7,126.0,1132.3,18.48,74.0,1575.0,23.2,50.0,91,9239.7,15708.2,58.8,1198.6,0.0,4352.0,0.0
2026-09-04T11:22:52.406,109.013,1,1074,10,10.0,23.24,43.34,46.807,49.273,1.313,2.034,2.569,45.304,49.35,52.513,99.977,101.367,101.761,23.941,24.203,24.203,43.026,46.475,48.945,110.042,112.389,112.518,24.0,43.03,20.0,565.6,4096.0,220.0,27.7,126.0,1132.3,18.5,74.0,1575.0,12.6,48.0,91,9230.5,15708.2,58.8,1198.6,0.0,4352.0,0.0
2026-09-04T11:22:53.408,110.014,1,1084,10,9.99,24.05,41.872,43.88,45.027,1.541,1.891,2.031,43.949,45.951,47.323,100.114,101.428,101.477,23.936,24.011,24.011,41.587,43.575,44.721,109.281,111.684,112.025,24.0,41.54,20.0,565.6,4096.0,220.0,27.7,126.0,1132.3,18.5,74.0,1575.0,21.6,47.9,91,9115.2,15708.2,58.0,1198.6,0.0,4352.0,0.0
2026-09-04T11:22:54.407,111.013,1,1094,10,10.01,23.95,42.045,42.983,43.33,1.67,1.834,1.888,44.364,45.22,45.376,99.429,101.19,101.255,23.924,23.988,23.988,41.757,42.706,43.028,109.954,112.433,112.706,24.0,41.8,20.0,565.6,4096.0,220.0,27.7,126.0,1132.3,18.5,74.0,1575.0,18.3,48.0,91,9048.7,15708.2,57.6,1198.6,0.0,4352.0,0.0
2026-09-04T11:22:55.407,112.013,1,1104,10,10.0,22.57,44.626,46.214,46.451,1.768,2.408,2.821,46.999,48.457,48.862,100.125,101.778,101.882,23.969,24.014,24.014,44.309,45.94,46.144,109.791,112.632,112.99,24.0,44.31,20.0,565.6,4096.0,220.0,27.7,126.0,1132.3,18.51,74.0,1575.0,13.5,50.0,91,9029.7,15708.2,57.5,1198.6,0.0,4352.0,0.0
2026-09-04T11:22:56.406,113.013,1,1114,10,10.0,22.73,44.324,45.485,45.574,2.017,2.305,2.306,46.935,48.111,48.267,100.101,102.876,102.9,23.976,24.103,24.103,44.0,45.144,45.255,110.324,114.803,115.243,24.0,44.01,20.0,565.6,4096.0,220.0,27.7,126.0,1132.3,18.5,74.0,1575.0,12.6,50.0,91,9023.4,15708.2,57.4,1198.6,0.0,4352.0,0.0
2026-09-04T11:22:57.406,114.013,1,1124,10,10.0,23.48,42.909,44.086,44.51,1.525,2.119,2.143,45.052,46.567,47.305,99.847,101.07,101.324,23.948,24.067,24.067,42.597,43.699,44.173,110.109,111.834,111.912,24.0,42.6,20.0,565.6,4096.0,220.0,27.7,126.0,1132.3,18.51,74.0,1575.0,13.3,49.0,91,9006.1,15708.2,57.3,1198.6,0.0,4352.0,0.0
2026-09-04T11:22:58.408,115.014,1,1134,10,9.99,23.47,42.898,45.483,46.521,1.653,1.9,1.964,45.152,47.549,48.513,99.277,101.332,101.6,23.966,24.093,24.093,42.603,45.186,46.242,109.382,112.38,112.416,23.0,42.56,20.0,565.6,4096.0,220.0,27.7,126.0,1132.3,18.52,74.0,1575.0,12.9,48.9,91,8979.4,15708.2,57.2,1198.6,0.0,4352.0,0.0
2026-09-04T11:22:59.407,116.013,1,1144,10,10.01,23.17,43.479,44.9,45.564,1.836,2.007,2.049,45.901,47.455,48.198,100.238,101.639,101.714,23.948,24.02,24.02,43.162,44.607,45.304,112.675,117.898,120.793,23.0,43.2,20.0,565.6,4096.0,220.0,27.7,126.0,1132.3,18.52,74.0,1575.0,13.5,50.1,91,8963.1,15708.2,57.1,1198.6,0.0,4352.0,0.0
2026-09-04T11:23:00.407,117.013,1,1154,10,10.0,22.66,44.409,45.923,45.941,1.742,2.218,2.5,46.734,48.169,48.385,100.292,101.609,101.632,23.926,23.974,23.974,44.121,45.615,45.677,110.531,112.706,112.838,23.0,44.12,20.0,565.6,4096.0,220.0,27.7,126.0,1132.3,18.53,74.0,1575.0,13.4,49.0,91,8948.0,15708.2,57.0,1198.6,0.0,4352.0,0.0
2026-09-04T11:23:01.407,118.013,1,1164,10,10.0,23.32,43.169,45.248,46.279,2.183,2.761,3.047,45.975,48.164,49.056,99.217,100.835,101.243,23.952,24.056,24.056,42.874,44.904,45.956,109.273,111.771,111.772,23.0,42.88,19.0,565.6,4096.0,220.0,27.7,126.0,1132.3,18.53,74.0,1575.0,13.0,50.0,91,8940.6,15708.2,56.9,1198.6,0.0,4352.0,0.0
2026-09-04T11:23:02.407,119.013,1,1174,10,10.0,23.88,42.151,42.622,42.703,1.667,1.896,1.96,44.412,44.885,45.039,100.318,101.6,101.629,23.911,23.992,23.992,41.868,42.314,42.351,109.802,112.853,112.912,23.0,41.87,20.0,565.6,4096.0,220.0,27.7,126.0,1132.3,18.53,74.0,1575.0,13.0,47.0,91,8918.6,15708.2,56.8,1198.6,0.0,4352.0,0.0
2026-09-04T11:23:03.408,120.014,1,1184,10,9.99,23.42,42.993,43.718,43.721,1.676,1.797,1.815,45.252,46.037,46.083,99.545,100.893,100.994,23.979,24.209,24.209,42.705,43.428,43.432,110.223,112.258,112.305,23.0,42.65,20.0,565.6,4096.0,220.0,27.7,126.0,1132.3,18.53,74.0,1575.0,13.3,48.9,91,8903.0,15708.2,56.7,1198.6,0.0,4352.0,0.0
2026-09-04T11:23:04.407,121.013,1,1194,10,10.01,23.12,43.549,44.799,44.931,1.704,1.867,1.908,45.858,47.208,47.462,100.031,101.456,101.535,23.955,24.053,24.053,43.245,44.423,44.452,109.739,112.562,113.0,23.0,43.31,20.0,565.6,4096.0,220.0,27.7,126.0,1132.3,18.53,75.0,1575.0,13.6,50.1,91,8933.7,15708.2,56.9,1198.6,0.0,4352.0,0.0
2026-09-04T11:23:05.407,122.013,1,1204,10,10.0,23.47,42.901,44.596,45.385,1.791,1.936,2.001,45.25,46.989,47.746,99.999,101.87,102.28,23.944,24.065,24.065,42.612,44.318,45.115,112.379,121.905,130.005,23.0,42.61,20.0,565.6,4096.0,220.0,27.7,126.0,1132.3,18.53,74.0,1575.0,13.1,49.0,91,8924.1,15708.2,56.8,1198.6,0.0,4352.0,0.0
2026-09-04T11:23:06.407,123.013,1,1214,10,10.0,23.63,42.617,43.204,43.248,1.795,1.982,2.045,44.987,45.723,45.777,100.271,103.192,104.151,23.901,23.949,23.949,42.317,42.89,42.959,111.817,117.578,119.564,23.0,42.32,20.0,565.6,4096.0,220.0,27.7,126.0,1132.3,18.54,75.0,1575.0,13.0,49.0,91,8922.9,15708.2,56.8,1198.6,0.0,4352.0,0.0
2026-09-04T11:23:07.407,124.013,1,1224,10,10.0,23.54,42.758,43.924,44.266,1.666,1.961,2.026,45.019,45.998,46.149,99.286,100.718,101.176,23.933,24.007,24.007,42.474,43.658,44.012,110.046,112.271,112.592,23.0,42.47,20.0,565.6,4096.0,220.0,27.7,126.0,1132.3,18.54,75.0,1575.0,13.4,48.0,91,8924.1,15708.2,56.8,1198.6,0.0,4352.0,0.0
2026-09-04T11:23:08.408,125.014,1,1234,10,9.99,22.33,45.089,47.788,47.852,1.862,2.289,2.326,47.579,50.54,50.643,99.991,101.641,102.253,23.917,24.129,24.129,44.793,47.483,47.554,110.472,113.022,113.619,23.0,44.74,20.0,565.6,4096.0,220.0,27.7,126.0,1132.3,18.54,74.0,1575.0,18.0,50.9,91,8918.2,15708.2,56.8,1198.6,0.0,4352.0,0.0
2026-09-04T11:23:09.407,126.013,1,1244,10,10.01,22.53,44.691,46.548,46.596,1.851,2.264,2.379,47.165,49.328,49.674,100.367,101.479,101.51,23.976,24.079,24.079,44.392,46.175,46.287,109.997,112.569,112.794,23.0,44.44,20.0,565.6,4096.0,220.0,27.7,126.0,1132.3,18.54,75.0,1575.0,13.5,51.1,91,8908.5,15708.2,56.7,1198.6,0.0,4352.0,0.0
2026-09-04T11:23:10.407,127.013,1,1254,10,10.0,23.39,43.036,44.083,44.47,1.649,1.871,1.89,45.261,46.528,46.901,99.223,100.635,100.651,23.976,24.152,24.152,42.751,43.806,44.185,109.536,114.11,116.101,23.0,42.75,20.0,565.6,4096.0,220.0,27.7,126.0,1132.3,18.55,75.0,1575.0,13.0,49.0,91,8891.8,15708.2,56.6,1198.6,0.0,4352.0,0.0
2026-09-04T11:23:11.407,128.013,1,1264,10,10.0,23.5,42.866,43.713,43.824,1.767,1.872,1.913,45.288,46.118,46.284,100.158,101.333,101.343,23.935,24.003,24.003,42.548,43.353,43.395,109.593,112.752,113.047,23.0,42.55,20.0,565.6,4096.0,220.0,27.7,126.0,1132.3,18.56,74.0,1575.0,12.9,48.0,91,8882.0,15708.2,56.5,1198.6,0.0,4352.0,0.0
2026-09-04T11:23:12.407,129.013,1,1274,10,10.0,22.88,44.009,48.705,49.178,1.703,1.964,1.993,46.302,50.901,51.115,100.368,102.61,102.894,23.938,24.201,24.201,43.712,48.404,48.893,111.082,115.718,116.625,23.0,43.71,19.0,565.6,4096.0,220.0,27.7,126.0,1132.3,18.56,75.0,1575.0,12.8,51.0,91,8892.4,15708.2,56.6,1198.6,0.0,4352.0,0.0
2026-09-04T11:23:13.408,130.014,1,1284,10,9.99,22.48,44.783,46.011,46.09,1.862,2.219,2.312,47.225,48.202,48.258,99.888,101.869,102.397,23.91,24.144,24.144,44.484,45.72,45.825,109.386,112.651,113.788,23.0,44.43,20.0,565.6,4096.0,220.0,27.7,126.0,1132.3,18.57,75.0,1575.0,13.2,49.9,91,8890.1,15708.2,56.6,1198.6,0.0,4352.0,0.0
2026-09-04T11:23:14.407,131.013,1,1294,10,10.01,23.35,43.125,44.175,44.297,2.126,3.118,3.436,45.837,46.847,46.904,99.691,101.029,101.218,23.98,24.163,24.163,42.831,43.866,43.985,110.229,112.656,112.703,23.0,42.88,20.0,565.6,4096.0,220.0,27.7,126.0,1132.3,18.56,75.0,1575.0,14.0,50.1,91,8874.8,15708.2,56.5,1198.6,0.0,4352.0,0.0
2026-09-04T11:23:15.407,132.013,1,1304,10,10.0,23.53,42.775,43.488,43.659,1.682,1.788,1.814,45.043,45.761,45.9,99.706,101.669,101.747,23.939,24.042,24.042,42.491,43.216,43.377,109.16,112.719,112.726,23.0,42.49,20.0,565.6,4096.0,220.0,27.7,126.0,1132.3,18.57,75.0,1575.0,13.5,49.0,91,8875.1,15708.2,56.5,1198.6,0.0,4352.0,0.0
2026-09-04T11:23:16.407,133.013,1,1314,10,10.0,22.52,44.707,46.845,47.128,1.744,1.963,1.977,47.098,49.394,49.524,99.882,101.24,101.523,23.961,24.064,24.064,44.407,46.52,46.807,110.012,112.91,113.635,23.0,44.41,20.0,565.6,4096.0,220.0,27.7,126.0,1132.3,18.58,75.0,1575.0,13.1,51.0,91,8872.8,15708.2,56.5,1198.6,0.0,4352.0,0.0
2026-09-04T11:23:17.407,134.013,1,1324,10,10.0,21.18,47.509,53.157,53.198,1.569,2.03,2.048,49.706,54.894,54.933,99.979,101.468,101.681,23.959,24.029,24.029,47.213,52.885,52.95,108.673,112.865,112.904,23.0,47.22,20.0,565.6,4096.0,220.0,27.7,126.0,1132.3,18.57,75.0,1575.0,13.9,53.0,91,8863.9,15708.2,56.4,1198.6,0.0,4352.0,0.0
2026-09-04T11:23:18.408,135.014,1,1334,10,9.99,23.47,42.899,44.372,44.828,1.888,2.546,2.91,45.381,46.858,47.458,100.002,101.26,101.357,23.944,24.03,24.03,42.605,44.087,44.518,108.032,112.738,113.298,23.0,42.56,19.0,565.6,4096.0,220.0,27.7,126.0,1132.3,18.56,75.0,1575.0,14.6,47.9,91,8768.1,15708.2,55.8,1198.6,0.0,4352.0,0.0
2026-09-04T11:23:19.406,136.013,1,1344,10,10.01,22.69,44.394,46.531,46.657,1.744,1.836,1.872,46.769,49.003,49.107,100.186,102.106,102.384,23.951,24.076,24.076,44.072,46.188,46.32,107.952,111.76,113.69,23.0,44.13,20.0,565.6,4096.0,220.0,27.7,126.0,1132.3,18.57,75.0,1575.0,15.3,52.1,91,8749.3,15708.2,55.7,1198.6,0.0,4352.0,0.0
2026-09-04T11:23:20.407,137.013,1,1354,10,10.0,22.84,44.07,45.511,45.648,1.871,2.268,2.502,46.548,47.989,48.125,99.728,101.958,101.971,23.973,24.17,24.17,43.786,45.202,45.318,107.908,113.199,113.318,23.0,43.78,20.0,565.6,4096.0,220.0,27.7,126.0,1132.3,18.57,75.0,1575.0,13.4,50.0,91,8743.9,15708.2,55.7,1198.6,0.0,4352.0,0.0
2026-09-04T11:23:21.407,138.013,1,1364,10,10.0,23.36,43.104,43.851,43.907,1.762,1.901,1.919,45.472,46.236,46.299,99.91,101.458,101.642,23.996,24.183,24.183,42.808,43.553,43.623,108.141,112.322,112.676,23.0,42.81,20.0,565.6,4096.0,220.0,27.7,126.0,1132.3,18.58,75.0,1575.0,12.8,48.0,91,8743.9,15708.2,55.7,1198.6,0.0,4352.0,0.0
2026-09-04T11:23:22.407,139.013,1,1374,10,10.0,23.59,42.683,43.137,43.224,1.799,2.01,2.033,45.075,45.601,45.758,99.96,101.825,102.28,23.951,24.04,24.04,42.394,42.863,42.957,108.534,112.756,112.836,23.0,42.4,19.0,565.6,4096.0,220.0,27.7,126.0,1132.3,18.58,75.0,1575.0,13.1,50.0,91,8734.8,15708.2,55.6,1198.6,0.0,4352.0,0.0
2026-09-04T11:23:23.408,140.014,1,1384,10,9.99,23.25,43.304,44.327,44.556,1.972,2.149,2.175,45.888,46.764,47.029,100.134,102.052,102.216,23.936,24.01,24.01,43.016,44.02,44.231,107.901,112.043,113.221,23.0,42.97,20.0,565.6,4096.0,220.0,27.7,126.0,1132.3,18.57,75.0,1575.0,12.9,48.9,91,8735.0,15708.2,55.6,1198.6,0.0,4352.0,0.0
2026-09-04T11:23:24.407,141.013,1,1394,10,10.01,22.78,44.202,45.658,45.718,1.83,2.14,2.217,46.618,48.082,48.273,99.742,101.832,102.049,23.98,24.154,24.154,43.907,45.326,45.366,107.578,109.487,109.553,23.0,43.95,20.0,565.6,4096.0,220.0,27.7,126.0,1132.3,18.56,75.0,1575.0,14.2,51.0,91,8621.2,15708.2,54.9,1198.6,0.0,4352.0,0.0
2026-09-04T11:23:25.407,142.013,1,1404,10,10.0,23.29,43.244,43.963,44.11,2.004,2.628,2.921,45.851,46.642,46.72,100.072,101.469,101.622,23.95,24.001,24.001,42.94,43.645,43.814,107.2,110.035,110.131,23.0,42.94,20.0,565.6,4096.0,220.0,27.7,126.0,1132.3,18.58,75.0,1575.0,13.1,48.0,91,8613.3,15708.2,54.8,1198.6,0.0,4352.0,0.0
2026-09-04T11:23:26.407,143.013,1,1414,10,10.0,22.9,44.02,44.64,44.862,1.701,1.887,1.915,46.267,46.992,47.143,99.957,101.931,102.001,23.988,24.319,24.319,43.675,44.303,44.5,111.07,125.432,134.836,24.0,43.68,20.0,565.6,4096.0,220.0,27.7,126.0,1132.3,18.59,75.0,1575.0,14.1,50.0,91,8612.9,15708.2,54.8,1198.6,0.0,4352.0,0.0
2026-09-04T11:23:27.407,144.013,1,1424,10,10.0,22.99,43.786,45.443,45.568,1.454,1.916,1.993,45.826,47.348,47.6,99.768,101.824,101.846,24.017,24.242,24.242,43.498,45.119,45.192,106.998,109.919,109.939,23.0,43.49,20.0,565.6,4096.0,220.0,27.7,126.0,1132.3,18.58,75.0,1575.0,13.0,49.0,91,8616.9,15708.2,54.9,1198.6,0.0,4352.0,0.0
2026-09-04T11:23:28.408,145.014,1,1434,10,9.99,23.25,43.313,44.044,44.083,1.86,2.072,2.143,45.765,46.509,46.674,99.985,101.567,101.742,23.944,24.077,24.077,43.02,43.729,43.761,107.847,109.758,110.148,23.0,42.98,20.0,565.6,4096.0,220.0,27.7,126.0,1132.3,18.57,75.0,1575.0,13.5,50.0,91,8610.8,15708.2,54.8,1198.6,0.0,4352.0,0.0
2026-09-04T11:23:29.407,146.013,1,1444,10,10.01,23.01,43.768,44.2,44.338,1.981,2.779,2.872,46.343,47.404,47.821,100.019,101.551,101.991,23.988,24.113,24.113,43.461,43.889,44.032,107.604,110.484,110.533,23.0,43.51,20.0,565.6,4096.0,220.0,27.7,126.0,1132.3,18.57,75.0,1575.0,13.5,49.1,91,8618.7,15708.2,54.9,1198.6,0.0,4352.0,0.0
2026-09-04T11:23:30.406,147.013,1,1454,10,10.0,23.25,43.295,44.848,44.92,1.924,2.387,2.666,45.824,47.316,47.407,99.827,101.912,102.334,23.994,24.036,24.036,43.01,44.555,44.619,107.222,110.439,111.214,23.0,43.02,20.0,565.6,4096.0,220.0,27.7,126.0,1132.3,18.58,75.0,1575.0,13.4,50.0,91,8631.4,15708.2,54.9,1198.6,0.0,4352.0,0.0
2026-09-04T11:23:31.407,148.013,1,1464,10,10.0,22.73,44.291,45.207,45.418,1.78,1.953,2.057,46.707,47.669,47.714,100.019,102.033,102.482,23.976,24.038,24.038,43.988,44.853,45.016,107.477,109.859,110.425,23.0,43.99,20.0,565.6,4096.0,220.0,27.7,126.0,1132.3,18.58,75.0,1575.0,12.6,50.0,91,8631.9,15708.2,55.0,1198.6,0.0,4352.0,0.0
2026-09-04T11:23:32.407,149.013,1,1474,10,10.0,22.55,44.66,45.625,45.632,1.893,2.315,2.515,47.187,48.185,48.246,99.504,101.085,101.092,23.965,24.034,24.034,44.349,45.312,45.315,106.534,108.006,108.11,23.0,44.35,20.0,565.6,4096.0,220.0,27.7,126.0,1132.3,18.59,75.0,1575.0,14.0,51.0,91,8638.2,15708.2,55.0,1198.6,0.0,4352.0,0.0
2026-09-04T11:23:33.409,150.014,1,1484,10,9.99,23.22,43.354,44.675,44.795,1.484,2.277,2.687,45.381,47.253,48.01,99.822,101.069,101.108,23.962,24.043,24.043,43.063,44.379,44.51,107.089,108.94,109.129,23.0,43.01,19.0,565.6,4096.0,220.0,27.7,126.0,1132.3,18.61,75.0,1575.0,13.2,48.9,91,8634.1,15708.2,55.0,1198.6,0.0,4352.0,0.0
2026-09-04T11:23:34.407,151.013,1,1494,10,10.01,23.38,43.066,45.229,46.636,1.528,1.963,2.001,45.146,47.298,48.604,100.292,101.4,101.576,23.976,24.112,24.112,42.775,44.857,46.206,107.033,109.225,109.45,23.0,42.83,20.0,565.6,4096.0,220.0,27.7,126.0,1132.3,18.6,75.0,1575.0,13.9,48.1,91,8640.0,15708.2,55.0,1198.6,0.0,4352.0,0.0
2026-09-04T11:23:35.407,152.013,1,1504,10,10.0,23.45,42.953,44.368,44.806,0.969,1.335,1.336,44.472,45.904,46.181,99.969,101.112,101.334,23.963,24.284,24.284,42.644,44.054,44.445,106.651,108.691,108.857,23.0,42.65,20.0,565.6,4096.0,220.0,27.7,126.0,1132.3,18.61,75.0,1575.0,12.0,49.0,91,8638.3,15708.2,55.0,1198.6,0.0,4352.0,0.0
2026-09-04T11:23:36.407,153.013,1,1514,10,10.0,22.53,44.724,46.367,46.489,1.031,1.462,1.496,46.341,48.154,48.172,99.758,101.391,101.501,23.953,24.006,24.006,44.386,46.048,46.154,107.224,109.099,109.358,23.0,44.38,20.0,565.6,4096.0,220.0,27.7,126.0,1132.3,18.62,75.0,1575.0,18.2,49.0,91,8623.9,15708.2,54.9,1198.6,0.0,4352.0,0.0
2026-09-04T11:23:37.407,154.013,1,1524,10,10.0,22.15,45.556,49.089,50.532,1.952,2.516,2.754,48.067,51.191,52.381,100.106,101.27,101.329,23.99,24.164,24.164,45.139,48.265,49.301,106.318,108.206,108.407,23.0,45.15,19.0,565.6,4096.0,220.0,27.7,126.0,1132.3,18.62,75.0,1575.0,12.8,52.0,91,8626.4,15708.2,54.9,1199.1,0.0,4352.0,0.0
2026-09-04T11:23:38.408,155.014,1,1534,10,9.99,23.41,42.993,43.975,44.234,1.773,1.872,1.889,45.268,46.292,46.401,98.943,101.379,101.692,23.945,24.007,24.007,42.719,43.714,43.992,106.416,109.852,110.068,25.0,42.67,22.0,565.6,4096.0,220.0,27.7,126.0,1132.3,18.61,75.0,1575.0,13.7,49.0,91,8617.5,15708.2,54.9,1200.3,0.0,4352.0,0.0
2026-09-04T11:23:39.407,156.013,1,1544,10,10.01,22.4,44.925,50.617,51.518,1.749,2.01,2.024,47.174,52.855,53.845,100.573,102.525,102.905,23.942,24.043,24.043,44.642,50.346,51.235,107.559,110.291,111.215,23.0,44.69,20.0,565.6,4096.0,220.0,27.7,126.0,1132.3,18.63,75.0,1575.0,13.6,50.0,91,8610.4,15708.2,54.8,1199.6,0.0,4352.0,0.0
2026-09-04T11:23:40.407,157.013,1,1554,10,10.0,23.49,42.87,44.03,44.261,1.933,2.551,2.763,45.329,46.675,46.785,99.522,100.88,100.982,23.964,24.094,24.094,42.567,43.734,43.971,107.175,110.838,111.702,26.0,42.57,22.0,565.6,4096.0,220.0,27.7,126.0,1132.3,18.62,75.0,1575.0,13.3,49.0,91,8612.5,15708.2,54.8,1199.2,0.0,4352.0,0.0
2026-09-04T11:23:41.407,158.013,1,1564,10,10.0,22.64,44.471,47.699,49.57,1.734,1.797,1.799,46.741,50.017,51.894,100.178,101.601,101.708,23.955,24.136,24.136,44.161,47.369,49.202,108.192,109.848,109.861,26.0,44.16,22.0,565.6,4096.0,220.0,27.7,126.0,1132.3,18.63,75.0,1575.0,12.9,51.0,91,8613.1,15708.2,54.8,1199.9,0.0,4352.0,0.0
2026-09-04T11:23:42.407,159.013,1,1574,10,10.0,22.64,44.498,46.347,47.046,1.716,1.93,1.987,46.791,48.795,49.553,99.378,101.194,101.24,23.93,24.014,24.014,44.161,45.987,46.694,109.017,113.364,113.661,27.0,44.16,23.0,565.6,4096.0,220.0,27.7,126.0,1132.3,18.63,75.0,1575.0,13.4,49.0,91,8604.3,15708.2,54.8,1199.6,0.0,4352.0,0.0
2026-09-04T11:23:43.408,160.014,1,1584,10,9.98,23.06,43.663,45.066,45.457,1.229,1.368,1.371,45.546,47.177,47.62,100.073,102.092,102.282,23.972,24.171,24.171,43.373,44.723,45.147,112.381,116.103,116.152,25.0,43.31,21.0,565.6,4096.0,220.0,27.7,126.0,1132.3,18.64,75.0,1575.0,13.0,48.9,91,8605.0,15708.2,54.8,1199.7,0.0,4352.0,0.0
2026-09-04T11:23:44.407,161.013,1,1594,10,10.02,23.16,43.453,45.723,46.262,0.876,1.035,1.116,44.885,47.136,47.673,100.266,102.063,102.233,23.938,24.022,24.022,43.173,45.426,45.942,111.525,114.816,114.923,24.0,43.24,20.0,565.6,4096.0,220.0,27.7,126.0,1132.3,18.65,75.0,1575.0,13.8,49.1,91,8603.4,15708.2,54.8,1200.3,0.0,4352.0,0.0
2026-09-04T11:23:45.406,162.013,1,1604,10,10.0,22.6,44.527,48.442,48.95,0.847,1.043,1.095,45.985,50.045,50.447,99.205,101.37,101.66,23.972,24.077,24.077,44.244,48.107,48.621,111.109,117.305,118.163,23.0,44.25,20.0,565.6,4096.0,220.0,27.7,126.0,1132.3,18.65,75.0,1575.0,12.7,48.0,91,8601.6,15708.2,54.8,1200.1,0.0,4352.0,0.0
2026-09-04T11:23:46.406,163.013,1,1614,10,10.0,22.64,44.463,46.854,48.137,1.624,2.098,2.207,46.742,49.285,50.457,100.557,102.594,102.71,23.954,24.033,24.033,44.161,46.508,47.768,113.499,115.987,116.075,21.0,44.16,17.0,565.6,4096.0,220.0,27.7,126.0,1132.3,18.65,75.0,1575.0,19.2,51.0,91,8616.3,15708.2,54.9,1200.2,0.0,4352.0,0.0
2026-09-04T11:23:47.407,164.013,1,1624,10,10.0,22.86,44.035,46.121,46.492,2.038,2.568,2.574,46.599,48.713,48.739,100.107,102.325,102.682,24.011,24.371,24.371,43.746,45.827,46.154,109.936,114.136,114.527,24.0,43.75,20.0,565.6,4096.0,220.0,27.7,126.0,1132.3,18.64,76.0,1575.0,15.2,49.0,91,8617.6,15708.2,54.9,1198.7,0.0,4352.0,0.0
2026-09-04T11:23:48.409,165.015,1,1634,10,9.98,21.0,47.889,54.67,57.588,1.763,2.018,2.079,50.206,56.863,59.872,99.838,101.384,101.524,24.027,24.189,24.189,47.613,54.387,57.298,111.245,114.95,115.803,23.0,47.51,20.0,565.6,4096.0,220.0,27.7,126.0,1132.3,18.65,75.0,1575.0,21.8,52.9,91,8773.4,15708.2,55.9,1199.9,0.0,4352.0,0.0
2026-09-04T11:23:49.406,166.013,1,1644,10,10.02,22.47,44.794,48.741,51.921,1.712,1.799,1.807,47.185,51.216,54.511,99.747,101.46,101.688,24.037,24.379,24.379,44.501,48.421,51.586,112.802,115.55,115.761,28.0,44.6,24.0,565.6,4096.0,220.0,27.7,126.0,1132.3,18.66,75.0,1575.0,21.6,50.1,91,8814.4,15708.2,56.1,1200.4,0.0,4352.0,0.0
2026-09-04T11:23:50.407,167.013,1,1654,10,10.0,22.61,44.524,46.898,47.571,2.397,2.701,2.891,47.515,49.958,50.716,100.055,102.062,102.205,23.962,24.052,24.052,44.22,46.601,47.262,111.358,116.159,116.454,25.0,44.22,21.0,565.6,4096.0,220.0,27.7,126.0,1132.3,18.64,76.0,1575.0,22.1,51.0,91,8862.5,15708.2,56.4,1199.8,0.0,4352.0,0.0
2026-09-04T11:23:51.407,168.013,1,1664,10,10.0,23.5,42.842,44.199,44.686,1.975,2.582,2.616,45.709,48.862,49.614,99.71,102.306,102.697,23.948,24.055,24.055,42.552,43.872,44.349,111.222,116.397,117.331,22.0,42.55,18.0,565.6,4096.0,220.0,49.8,126.0,1132.3,18.66,76.0,1575.0,22.5,50.0,91,8876.9,15708.2,56.5,1201.3,0.0,4352.0,0.0
2026-09-04T11:23:52.407,169.013,1,1674,10,10.0,23.44,42.974,43.857,44.245,1.597,2.441,2.623,45.178,46.394,46.702,99.674,100.957,100.978,23.917,23.996,23.996,42.666,43.507,43.916,110.028,112.877,113.327,20.0,42.67,16.0,565.6,4096.0,220.0,37.7,126.0,1132.3,18.68,76.0,1575.0,14.2,48.0,91,8877.7,15708.2,56.5,1201.3,0.0,4352.0,0.0
2026-09-04T11:23:53.408,170.014,1,1684,10,9.99,23.38,43.045,44.824,45.336,1.535,2.148,2.215,45.153,47.005,47.639,100.396,101.839,102.12,23.974,24.144,24.144,42.777,44.582,45.088,110.162,113.448,113.93,19.0,42.72,16.0,565.6,4096.0,220.0,79.7,126.0,1132.3,18.66,76.0,1575.0,21.3,48.0,91,9020.3,15708.2,57.4,1201.3,0.0,4352.0,0.0
2026-09-04T11:23:54.407,171.013,1,1694,10,10.01,23.16,43.461,45.596,46.314,1.147,1.633,1.736,45.175,47.537,47.968,99.127,101.809,101.829,23.956,24.096,24.096,43.173,45.309,46.021,109.697,113.569,113.907,22.0,43.23,18.0,565.6,4096.0,220.0,29.8,126.0,1132.3,18.64,76.0,1575.0,18.4,48.1,91,8981.1,15708.2,57.2,1201.3,0.0,4352.0,0.0
2026-09-04T11:23:55.407,172.013,1,1704,10,10.0,23.49,42.843,45.845,48.238,0.894,1.092,1.118,44.297,47.304,49.643,100.632,102.205,102.206,23.938,23.991,23.991,42.563,45.574,47.99,110.427,113.007,113.1,24.0,42.56,20.0,565.6,4096.0,220.0,39.1,126.0,1132.3,18.61,76.0,1575.0,13.3,47.9,91,8986.8,15708.2,57.2,1201.3,0.0,4352.0,0.0
2026-09-04T11:23:56.407,173.013,1,1714,10,10.0,23.37,43.101,44.885,45.462,1.555,1.797,1.803,45.267,46.858,47.478,99.991,101.636,101.774,24.137,25.012,25.012,42.788,44.553,45.135,108.945,111.872,111.933,28.0,42.8,24.0,565.6,4096.0,220.0,29.8,126.0,1132.3,18.76,76.0,1575.0,12.8,48.1,91,8958.6,15708.2,57.0,1201.3,0.0,4352.0,0.0
2026-09-04T11:23:57.407,174.013,1,1724,10,10.0,23.38,43.06,43.646,43.657,1.728,2.089,2.338,45.387,45.996,46.004,99.276,101.754,101.875,23.921,23.982,23.982,42.77,43.37,43.376,110.023,115.353,117.154,27.0,42.77,23.0,565.6,4096.0,220.0,29.8,126.0,1132.3,18.77,76.0,1575.0,13.2,49.0,91,8963.7,15708.2,57.1,1201.3,0.0,4352.0,0.0
2026-09-04T11:23:58.408,175.014,1,1734,10,9.99,22.61,44.525,45.521,45.656,1.823,2.332,2.691,46.943,47.741,47.791,100.356,101.474,101.912,23.959,24.126,24.126,44.227,45.234,45.389,110.44,112.186,112.191,26.0,44.17,21.0,565.6,4096.0,220.0,49.8,126.0,1132.3,18.82,76.0,1575.0,13.3,50.9,91,8923.5,15708.2,56.8,1202.2,0.0,4352.0,0.0
2026-09-04T11:23:59.406,176.013,1,1744,10,10.01,22.41,44.945,48.767,48.835,1.871,2.092,2.112,47.426,51.105,51.247,100.001,101.379,101.415,24.018,24.173,24.173,44.615,48.411,48.502,109.687,111.888,112.327,25.0,44.68,21.0,565.6,4096.0,220.0,29.8,126.0,1132.3,18.69,75.0,1575.0,14.5,50.1,91,8911.1,15708.2,56.7,1201.3,0.0,4352.0,0.0
2026-09-04T11:24:00.407,177.013,1,1754,10,10.0,23.21,43.388,46.953,48.394,2.261,2.489,2.589,46.265,49.767,51.247,99.732,101.567,102.158,23.997,24.17,24.17,43.085,46.63,48.071,110.224,112.412,113.018,19.0,43.08,16.0,565.6,4096.0,220.0,29.8,126.0,1132.3,18.71,76.0,1575.0,12.7,49.0,91,8912.0,15708.2,56.7,1201.3,0.0,4352.0,0.0
2026-09-04T11:24:01.407,178.013,1,1764,10,10.0,22.67,44.427,48.192,48.534,2.244,2.412,2.446,47.306,51.207,51.613,100.231,101.481,101.488,24.015,24.196,24.196,44.12,47.878,48.198,109.154,111.751,111.853,22.0,44.12,18.0,565.6,4096.0,220.0,47.4,126.0,1132.3,18.59,76.0,1575.0,14.0,52.0,91,8885.5,15708.2,56.6,1201.3,0.0,4352.0,0.0
2026-09-04T11:24:02.407,179.013,1,1774,10,10.0,23.31,43.211,45.625,47.605,2.522,3.14,3.161,46.322,48.789,50.33,99.649,101.656,101.73,23.952,24.066,24.066,42.905,45.348,47.33,109.527,112.731,113.41,18.0,42.91,16.0,565.6,4096.0,220.0,29.8,126.0,1132.3,18.75,76.0,1575.0,12.6,50.0,91,8881.7,15708.2,56.5,1201.3,0.0,4352.0,0.0
2026-09-04T11:24:03.408,180.014,1,1784,10,9.99,23.11,43.558,44.712,44.837,2.688,3.269,3.4,46.82,48.233,48.595,99.413,101.708,101.711,23.951,24.078,24.078,43.268,44.409,44.52,109.734,112.775,112.998,25.0,43.22,20.0,565.6,4096.0,220.0,29.8,126.0,1132.3,18.65,76.0,1575.0,13.5,49.9,91,8871.0,15708.2,56.5,1202.2,0.0,4352.0,0.0
2026-09-04T11:24:04.407,181.013,1,1794,10,10.01,22.83,44.086,48.149,50.922,2.018,2.209,2.221,46.693,50.857,53.618,100.285,101.439,101.713,23.938,23.992,23.992,43.81,47.882,50.669,110.482,112.139,112.576,27.0,43.85,23.0,565.6,4096.0,220.0,29.8,126.0,1132.3,18.69,76.0,1575.0,13.6,49.0,91,8900.9,15708.2,56.7,1202.2,0.0,4352.0,0.0
2026-09-04T11:24:05.407,182.013,1,1804,10,10.0,23.23,43.363,44.962,45.026,2.131,2.531,2.61,46.078,47.539,47.584,99.615,101.487,101.517,23.915,23.965,23.965,43.053,44.657,44.743,109.786,111.87,112.139,27.0,43.06,22.0,565.6,4096.0,220.0,29.8,126.0,1132.3,18.96,76.0,1575.0,13.7,50.0,91,8895.7,15708.2,56.6,1201.3,0.0,4352.0,0.0
2026-09-04T11:24:06.407,183.013,1,1814,10,10.0,23.4,43.024,43.506,43.781,2.379,2.762,2.955,46.028,46.453,46.48,100.276,102.171,102.237,23.974,24.084,24.084,42.727,43.195,43.454,109.336,112.985,113.443,16.0,42.72,15.0,565.6,4096.0,220.0,29.8,126.0,1132.3,18.69,76.0,1575.0,13.0,49.0,91,8884.0,15708.2,56.6,1201.3,0.0,4352.0,0.0
2026-09-04T11:24:07.407,184.013,1,1824,10,10.0,23.05,43.693,44.865,44.892,2.495,3.028,3.259,46.796,47.97,48.013,100.033,102.044,102.372,23.95,24.07,24.07,43.385,44.551,44.586,109.833,112.5,112.731,28.0,43.39,22.0,565.6,4096.0,220.0,29.8,126.0,1132.3,18.66,76.0,1575.0,13.3,51.0,91,8895.5,15708.2,56.6,1201.3,0.0,4352.0,0.0
2026-09-04T11:24:08.408,185.014,1,1834,10,9.99,23.5,42.849,44.117,44.776,2.331,3.044,3.312,45.782,47.343,47.422,99.422,101.695,101.965,24.046,25.266,25.266,42.558,43.809,44.443,109.254,112.658,112.706,23.0,42.51,20.0,565.6,4096.0,220.0,29.8,126.0,1132.3,18.8,76.0,1575.0,12.9,50.0,91,8846.1,15708.2,56.3,1201.3,0.0,4352.0,0.0
2026-09-04T11:24:09.407,186.013,1,1844,10,10.01,23.15,43.486,44.952,45.361,2.196,2.461,2.569,46.281,47.762,48.125,100.35,101.352,101.402,24.084,25.403,25.403,43.193,44.67,45.074,111.587,117.632,121.139,22.0,43.24,18.0,565.6,4096.0,220.0,29.8,126.0,1132.3,18.75,76.0,1575.0,13.8,49.0,91,8852.9,15708.2,56.4,1201.3,0.0,4352.0,0.0
2026-09-04T11:24:10.407,187.013,1,1854,10,10.0,23.25,43.292,45.126,45.512,2.086,2.731,3.255,45.966,47.56,47.986,99.674,102.12,102.514,23.942,24.056,24.056,43.017,44.841,45.21,109.55,113.077,113.46,23.0,43.02,19.0,565.6,4096.0,220.0,29.8,126.0,1132.3,18.68,76.0,1575.0,12.9,50.0,91,8844.7,15708.2,56.3,1201.3,0.0,4352.0,0.0
2026-09-04T11:24:11.407,188.013,1,1864,10,10.0,23.57,42.728,43.621,43.971,2.065,2.619,2.813,45.431,46.716,47.464,99.84,102.019,102.078,24.05,24.991,24.991,42.425,43.285,43.637,109.431,112.803,113.217,21.0,42.43,18.0,565.6,4096.0,220.0,29.8,126.0,1132.3,18.74,76.0,1575.0,13.8,48.0,91,8836.3,15708.2,56.3,1201.9,0.0,4352.0,0.0
2026-09-04T11:24:12.407,189.013,1,1874,10,10.0,23.66,42.568,43.631,44.103,2.374,3.227,3.45,45.523,46.546,46.729,99.821,101.473,101.49,23.938,24.027,24.027,42.274,43.351,43.838,109.0,111.24,111.296,23.0,42.27,20.0,565.6,4096.0,220.0,29.8,126.0,1132.3,18.82,76.0,1575.0,12.1,49.0,91,8827.0,15708.2,56.2,1201.3,0.0,4352.0,0.0
2026-09-04T11:24:13.408,190.014,1,1884,10,9.99,21.27,47.314,51.159,51.769,2.431,3.608,3.692,50.344,53.658,54.161,100.205,101.815,101.913,23.944,24.043,24.043,47.006,50.834,51.414,110.213,112.132,112.186,24.0,46.95,20.0,565.6,4096.0,220.0,29.8,126.0,1132.3,18.46,76.0,1575.0,13.9,53.9,91,8813.1,15708.2,56.1,1198.7,0.0,4352.0,0.0
2026-09-04T11:24:14.407,191.013,1,1894,10,10.01,22.51,44.73,50.426,52.046,1.889,2.337,2.34,47.241,52.889,54.273,99.635,102.107,102.22,23.933,24.018,24.018,44.428,50.098,51.702,109.805,112.741,112.814,23.0,44.48,20.0,565.6,4096.0,220.0,29.8,126.0,1132.3,18.96,76.0,1575.0,13.0,51.1,91,8817.8,15708.2,56.1,1204.5,0.0,4352.0,0.0
2026-09-04T11:24:15.407,192.013,1,1904,10,10.0,22.82,44.124,46.616,47.983,2.271,2.436,2.487,46.945,49.419,50.731,99.986,101.973,102.061,23.929,24.002,24.002,43.821,46.314,47.732,110.13,112.447,112.558,23.0,43.82,19.0,565.6,4096.0,220.0,29.8,126.0,1132.3,18.71,76.0,1575.0,13.5,49.0,91,8822.3,15708.2,56.2,1201.3,0.0,4352.0,0.0
2026-09-04T11:24:16.407,193.013,1,1914,10,10.0,22.87,44.064,47.591,48.717,2.027,2.248,2.374,46.674,50.107,51.304,99.799,101.637,102.364,24.042,24.612,24.612,43.726,47.286,48.38,109.887,112.527,112.999,22.0,43.72,19.0,565.6,4096.0,220.0,29.8,126.0,1132.3,18.73,76.0,1575.0,12.9,51.0,91,8824.0,15708.2,56.2,1203.6,0.0,4352.0,0.0
2026-09-04T11:24:17.407,194.013,1,1924,10,10.0,23.01,43.771,47.285,48.357,2.069,2.598,2.844,46.442,50.177,51.063,100.123,101.881,101.902,23.966,24.099,24.099,43.462,46.901,47.973,110.699,114.028,114.952,22.0,43.46,19.0,565.6,4096.0,220.0,29.8,126.0,1132.3,18.66,76.0,1575.0,13.3,50.0,91,8812.6,15708.2,56.1,1201.3,0.0,4352.0,0.0
2026-09-04T11:24:18.408,195.014,1,1934,10,9.99,23.55,42.756,44.871,46.358,1.802,2.059,2.105,45.123,47.17,48.357,99.938,101.947,102.222,23.954,24.056,24.056,42.47,44.569,46.082,109.281,112.569,112.651,23.0,42.41,20.0,565.6,4096.0,220.0,29.8,126.0,1132.3,18.86,76.0,1575.0,14.2,47.9,91,8743.6,15708.2,55.7,1204.5,0.0,4352.0,0.0
2026-09-04T11:24:19.407,196.013,1,1944,10,10.01,22.92,43.937,46.993,48.912,1.905,2.23,2.288,46.506,49.525,51.025,99.957,101.001,101.248,23.956,24.018,24.018,43.622,46.628,48.58,110.226,111.819,111.862,25.0,43.68,20.0,565.6,4096.0,220.0,29.8,126.0,1132.3,18.73,76.0,1575.0,15.7,50.1,91,8727.2,15708.2,55.6,1201.3,0.0,4352.0,0.0
2026-09-04T11:24:20.410,197.015,1,1955,11,10.98,22.11,45.557,47.103,47.344,2.497,3.193,3.593,48.71,50.307,50.322,99.317,101.687,101.724,23.967,24.113,24.116,45.227,46.814,47.062,109.263,112.272,112.706,23.0,49.64,19.0,565.6,4096.0,220.0,27.7,126.0,1132.3,18.76,76.0,1575.0,12.9,51.9,91,8719.0,15708.2,55.5,1198.7,0.0,4352.0,0.0
2026-09-04T11:24:21.410,198.016,1,1965,10,10.0,22.79,44.201,48.84,49.118,2.313,2.598,2.697,47.162,51.967,52.059,100.003,101.749,101.933,23.975,24.054,24.054,43.873,48.51,48.824,109.302,112.21,112.417,23.0,43.86,20.0,565.6,4096.0,220.0,27.7,126.0,1132.3,18.77,76.0,1575.0,13.6,51.0,91,8720.8,15708.2,55.5,1198.7,0.0,4352.0,0.0
2026-09-04T11:24:22.407,199.013,1,1974,9,9.02,23.35,43.152,44.496,45.085,2.261,2.437,2.47,46.019,47.416,48.035,100.42,101.643,101.835,23.959,24.155,24.155,42.828,44.158,44.697,111.071,118.371,123.021,23.0,38.65,20.0,565.6,4096.0,220.0,29.8,126.0,1132.3,18.75,76.0,1575.0,13.4,49.1,91,8603.7,15708.2,54.8,1204.5,0.0,4352.0,0.0
2026-09-04T11:24:23.410,200.016,1,1985,11,10.97,23.13,43.548,46.643,49.089,1.965,2.238,2.409,46.13,49.204,51.675,99.792,101.705,101.761,23.927,23.989,23.99,43.242,46.317,48.781,108.956,112.69,112.771,23.0,47.42,20.0,565.6,4096.0,220.0,27.7,126.0,1132.3,18.77,76.0,1575.0,13.9,49.8,91,8600.8,15708.2,54.8,1198.7,0.0,4352.0,0.0
2026-09-04T11:24:24.407,201.013,1,1994,9,9.03,22.93,43.924,46.421,48.083,2.195,2.518,2.682,46.706,49.094,50.644,99.88,100.996,101.336,23.944,24.097,24.097,43.602,46.045,47.695,109.713,111.746,111.883,23.0,39.36,19.0,565.6,4096.0,220.0,29.8,126.0,1132.3,18.73,76.0,1575.0,13.3,51.1,91,8601.5,15708.2,54.8,1204.5,0.0,4352.0,0.0
2026-09-04T11:24:25.407,202.013,1,2005,11,11.0,22.41,44.92,51.317,53.71,2.529,3.066,3.206,48.058,54.415,56.337,99.385,102.111,102.198,24.001,24.187,24.188,44.616,50.991,53.405,109.507,114.825,117.084,23.0,49.08,20.0,565.6,4096.0,220.0,27.7,126.0,1132.3,18.75,76.0,1575.0,14.1,50.0,91,8598.7,15708.2,54.7,1198.7,0.0,4352.0,0.0
2026-09-04T11:24:26.406,203.013,1,2015,10,10.0,23.66,42.536,42.882,42.95,1.802,2.259,2.458,44.957,45.649,45.706,100.293,101.007,101.008,23.965,24.066,24.066,42.26,42.59,42.636,110.112,112.353,112.769,23.0,42.27,20.0,565.6,4096.0,220.0,27.7,126.0,1132.3,18.76,76.0,1575.0,12.5,49.0,91,8594.6,15708.2,54.7,1198.7,0.0,4352.0,0.0
2026-09-04T11:24:27.406,204.013,1,2025,10,10.0,23.76,42.366,42.765,42.956,2.032,2.275,2.341,45.022,45.585,45.731,100.253,101.523,101.885,23.939,23.991,23.991,42.08,42.491,42.696,109.558,111.197,111.209,23.0,42.08,20.0,565.6,4096.0,220.0,27.7,126.0,1132.3,18.75,76.0,1575.0,13.6,49.0,91,8602.4,15708.2,54.8,1198.7,0.0,4352.0,0.0
2026-09-04T11:24:28.411,205.017,1,2035,10,9.96,22.93,43.935,45.592,45.883,2.279,2.449,2.474,46.852,48.54,48.833,99.498,101.549,101.669,23.937,24.03,24.03,43.605,45.214,45.499,109.287,114.554,116.228,23.0,43.42,19.0,565.6,4096.0,220.0,27.7,126.0,1132.3,18.77,76.0,1575.0,12.9,49.8,91,8602.3,15708.2,54.8,1198.7,0.0,4352.0,0.0
2026-09-04T11:24:29.410,206.013,1,2045,9,9.04,23.26,43.307,44.348,44.536,2.509,2.981,3.185,46.412,47.376,47.558,101.207,104.005,104.96,23.989,24.177,24.177,42.998,44.021,44.204,110.713,116.677,119.552,23.0,38.86,19.0,565.6,4096.0,220.0,27.7,126.0,1132.3,18.77,76.0,1575.0,13.9,50.0,91,8610.6,15708.2,54.8,1198.7,0.0,4352.0,0.0
2026-09-04T11:24:30.407,207.013,1,2055,11,11.0,23.3,43.233,44.203,44.561,2.834,4.774,4.971,46.678,48.382,48.731,99.14,101.091,102.052,23.984,24.074,24.074,42.92,43.893,44.274,109.399,112.58,112.7,23.0,47.22,20.0,565.6,4096.0,220.0,27.7,126.0,1132.3,18.78,76.0,1575.0,13.2,49.2,91,8615.7,15708.2,54.8,1198.7,0.0,4352.0,0.0
2026-09-04T11:24:31.407,208.013,1,2065,10,10.0,23.08,43.632,45.262,45.375,2.067,2.252,2.257,46.317,47.824,47.886,99.691,101.344,101.778,23.953,24.061,24.061,43.32,44.95,45.068,109.711,112.301,112.923,23.0,43.32,20.0,565.6,4096.0,220.0,27.7,126.0,1132.3,18.77,76.0,1575.0,13.1,50.0,91,8616.4,15708.2,54.9,1198.7,0.0,4352.0,0.0
2026-09-04T11:24:32.407,209.013,1,2075,10,10.0,23.26,43.297,44.669,44.895,1.948,2.323,2.367,45.877,47.247,47.778,100.383,102.145,102.205,23.914,23.976,23.976,42.998,44.353,44.565,109.856,112.586,112.947,23.0,43.0,20.0,565.6,4096.0,220.0,27.7,126.0,1132.3,18.78,76.0,1575.0,13.3,49.0,91,8625.3,15708.2,54.9,1198.7,0.0,4352.0,0.0
2026-09-04T11:24:33.408,210.014,1,2085,10,9.99,23.43,42.999,43.61,43.683,2.585,2.94,3.029,46.19,46.832,46.901,99.304,99.949,100.122,23.995,24.125,24.125,42.681,43.251,43.308,111.448,121.237,127.553,18.0,42.62,16.0,565.6,4096.0,220.0,27.7,126.0,1132.3,18.62,76.0,1575.0,13.3,49.9,91,8614.8,15708.2,54.8,1198.7,0.0,4352.0,0.0
2026-09-04T11:24:34.407,211.013,1,2095,10,10.01,23.59,42.678,43.591,43.912,2.375,2.569,2.613,45.639,46.488,46.729,100.05,101.774,102.294,23.935,24.008,24.008,42.386,43.278,43.643,109.536,112.385,113.069,23.0,42.44,20.0,565.6,4096.0,220.0,27.7,126.0,1132.3,18.8,76.0,1575.0,14.2,49.0,91,8620.9,15708.2,54.9,1198.7,0.0,4352.0,0.0
2026-09-04T11:24:35.407,212.013,1,2105,10,10.0,23.37,43.087,43.986,44.047,1.865,2.294,2.379,45.606,46.343,46.531,100.158,101.759,101.842,23.959,23.996,23.996,42.788,43.706,43.768,110.2,112.513,112.772,23.0,42.79,20.0,565.6,4096.0,220.0,27.7,126.0,1132.3,18.79,76.0,1575.0,13.2,49.0,91,8613.1,15708.2,54.8,1198.7,0.0,4352.0,0.0
2026-09-04T11:24:36.407,213.013,1,2115,10,10.0,22.58,44.586,46.152,46.834,0.905,1.398,1.525,46.107,47.645,48.308,99.963,101.967,101.986,23.953,24.021,24.021,44.285,45.852,46.532,109.481,112.957,113.033,23.0,44.28,20.0,565.6,4096.0,220.0,27.7,126.0,1132.3,18.8,76.0,1575.0,14.5,49.0,91,8606.1,15708.2,54.8,1198.7,0.0,4352.0,0.0
2026-09-04T11:24:37.407,214.013,1,2125,10,10.0,22.94,43.868,46.054,46.419,0.832,1.003,1.009,45.291,47.543,47.75,99.356,103.079,104.146,23.991,24.145,24.145,43.594,45.732,46.113,109.775,114.169,114.768,23.0,43.59,19.0,565.6,4096.0,220.0,27.7,126.0,1132.3,18.81,76.0,1575.0,16.7,49.0,91,8497.0,15708.2,54.1,1198.7,0.0,4352.0,0.0
2026-09-04T11:24:38.408,215.014,1,2135,10,9.99,23.36,43.101,45.314,46.338,0.794,0.863,0.869,44.483,46.701,47.664,100.438,102.12,102.443,23.927,24.044,24.044,42.815,44.991,46.031,109.689,111.717,112.199,23.0,42.77,20.0,565.6,4096.0,220.0,27.7,126.0,1132.3,18.8,76.0,1575.0,12.3,47.9,91,8502.4,15708.2,54.1,1198.7,0.0,4352.0,0.0
2026-09-04T11:24:39.407,216.013,1,2145,10,10.01,23.53,42.783,44.121,44.302,0.894,1.04,1.086,44.286,45.697,45.808,99.845,101.178,101.277,23.925,24.011,24.011,42.5,43.789,43.95,109.705,112.013,112.398,24.0,42.55,20.0,565.6,4096.0,220.0,27.7,126.0,1132.3,18.81,76.0,1575.0,9.7,48.1,91,8430.5,15708.2,53.7,1198.7,0.0,4352.0,0.0
