wall_time,elapsed_s,publishers,scans_total,scans_in_window,scan_rate_hz,drspaam_fps,t_det_ms_mean,t_det_ms_p95,t_det_ms_max,t_track_ms_mean,t_track_ms_p95,t_track_ms_max,t_lat_ms_mean,t_lat_ms_p95,t_lat_ms_max,t_scan_ms_mean,t_scan_ms_p95,t_scan_ms_max,t_fwd_ms_mean,t_fwd_ms_p95,t_fwd_ms_max,inference_ms_mean,inference_ms_p95,inference_ms_max,missed_percent,jitter_ms,wire_ms_mean,wire_ms_p95,wire_ms_max,busy_drop_in_window,gpu_util_percent,drspaam_gpu_duty_percent,gpu_mem_util_percent,gpu_mem_used_mb,gpu_mem_total_mb,gpu_proc_mem_mb,torch_alloc_mb,torch_reserved_mb,torch_peak_mb,gpu_power_w,gpu_temp_c,gpu_sm_clock_mhz,cpu_percent_system,cpu_percent_process,proc_threads,ram_used_mb,ram_total_mb,ram_percent,proc_rss_mb,swap_used_mb,swap_total_mb,swap_percent
2026-09-04T15:28:06.002,1.037,1,0,0,0.0,,,,,,,,,,,,,,,,,,,,0.0,7.0,169.547,303.389,334.219,6,1.0,,1.0,458.9,4096.0,114.0,21.7,30.0,38.8,11.18,63.0,1575.0,12.4,58.8,66,6850.3,15708.2,43.6,949.8,0.0,4352.0,0.0
2026-09-04T15:28:07.002,2.037,1,0,0,0.0,,,,,,,,,,,,,,,,,,,,0.0,8.63,113.513,131.178,139.749,10,0.0,,0.0,460.9,4096.0,116.0,14.9,30.0,891.2,14.39,64.0,1575.0,15.5,105.0,66,6991.1,15708.2,44.5,1099.2,0.0,4352.0,0.0
2026-09-04T15:28:08.002,3.037,1,1,1,1.0,0.64,1558.261,1558.261,1558.261,1.042,1.042,1.042,1561.663,1561.663,1561.663,,,,1532.977,1532.977,1532.977,1554.101,1554.101,1554.101,0.0,9.02,112.082,130.111,144.78,9,2.0,155.43,1.0,536.9,4096.0,192.0,35.3,98.0,891.2,12.61,64.0,1575.0,16.0,139.0,73,7111.2,15708.2,45.3,1220.3,0.0,4352.0,0.0
2026-09-04T15:28:09.002,4.037,1,5,4,4.0,2.82,355.044,1059.674,1222.578,1.044,1.319,1.363,400.485,1147.313,1321.818,797.632,1632.088,1690.989,343.943,1211.06,1211.06,354.86,1059.482,1222.376,0.0,7.11,109.568,118.294,123.785,6,25.0,141.95,25.0,544.9,4096.0,200.0,66.3,106.0,897.3,14.98,64.0,1620.0,12.3,127.0,73,7115.6,15708.2,45.3,1221.5,0.0,4352.0,0.0
2026-09-04T15:28:10.004,5.039,1,6,1,1.0,0.96,1039.272,1039.272,1039.272,0.668,0.668,0.668,1042.764,1042.764,1042.764,100.528,100.528,100.528,1027.836,1027.836,1027.836,1038.603,1038.603,1038.603,0.0,10.0,113.187,130.679,137.093,9,11.0,103.67,11.0,522.9,4096.0,178.0,52.2,84.0,905.6,15.16,64.0,1620.0,13.0,135.7,73,7106.9,15708.2,45.2,1221.9,0.0,4352.0,0.0
2026-09-04T15:28:11.003,6.037,1,11,5,5.01,4.15,241.249,855.87,1060.63,0.953,1.042,1.043,258.223,896.205,1103.953,477.99,1074.923,1093.483,228.612,1050.592,1050.592,240.846,855.695,1060.489,0.0,7.18,107.692,110.963,111.552,7,22.0,120.62,18.0,536.9,4096.0,192.0,23.8,98.0,905.6,15.09,64.0,1575.0,21.3,245.3,73,7112.2,15708.2,45.3,1222.1,0.0,4352.0,0.0
2026-09-04T15:28:12.002,7.037,1,21,10,10.0,28.85,35.346,44.128,47.365,0.854,1.099,1.13,38.253,48.392,52.245,101.1,103.469,103.539,22.432,32.729,32.729,34.661,41.774,46.098,0.0,6.39,111.837,124.594,125.205,0,22.0,34.66,18.0,568.9,4096.0,224.0,23.8,130.0,905.6,14.85,64.0,1575.0,24.1,184.1,73,7095.1,15708.2,45.2,1222.1,0.0,4352.0,0.0
2026-09-04T15:28:13.002,8.037,1,31,10,10.0,29.26,34.82,38.357,38.535,0.825,1.115,1.123,37.749,42.383,42.602,99.533,101.294,101.602,22.12,23.785,23.785,34.179,38.082,38.294,0.0,9.45,114.633,134.412,141.952,0,22.0,34.18,18.0,568.9,4096.0,224.0,23.9,130.0,905.6,14.85,65.0,1575.0,22.5,253.0,73,7061.5,15708.2,45.0,1222.2,0.0,4352.0,0.0
2026-09-04T15:28:14.002,9.037,1,38,7,7.0,29.73,34.142,37.662,37.812,0.778,0.87,0.89,36.836,40.786,40.944,99.7,101.242,101.266,21.872,24.782,24.782,33.641,37.012,37.069,0.0,5.74,109.153,111.779,111.971,1,0.0,23.55,0.0,546.9,4096.0,202.0,71.1,108.0,905.6,14.52,65.0,1575.0,15.2,201.1,73,7058.4,15708.2,44.9,1222.4,0.0,4352.0,0.0
2026-09-04T15:28:15.004,10.039,1,40,2,2.0,1.83,546.844,1007.931,1059.162,0.743,0.886,0.902,579.78,1013.994,1062.24,551.073,955.847,1000.822,534.038,1045.029,1045.029,546.275,1007.662,1058.927,0.0,5.97,110.616,120.449,128.284,8,20.0,109.07,14.0,482.9,4096.0,138.0,37.9,44.0,905.6,14.57,65.0,1575.0,14.2,167.7,73,7050.4,15708.2,44.9,1222.6,0.0,4352.0,0.0
2026-09-04T15:28:16.003,11.037,1,42,2,2.0,1.83,547.548,1008.001,1059.163,0.748,0.819,0.827,580.233,1014.218,1062.438,550.09,958.222,1003.57,535.264,1045.757,1045.757,546.57,1007.006,1058.166,0.0,10.49,119.452,140.689,143.996,9,16.0,109.5,11.0,536.9,4096.0,192.0,24.8,98.0,905.6,14.8,65.0,1575.0,14.2,186.1,73,7026.8,15708.2,44.7,1222.9,0.0,4352.0,0.0
2026-09-04T15:28:17.002,12.037,1,51,9,9.0,27.32,37.169,42.56,45.795,0.922,1.013,1.02,41.031,46.76,49.856,99.616,101.475,101.633,22.963,24.078,24.078,36.599,42.292,45.555,0.0,6.73,108.713,110.741,110.888,0,22.0,32.94,18.0,488.9,4096.0,144.0,37.7,50.0,905.6,14.9,65.0,1575.0,23.6,309.3,73,7030.8,15708.2,44.8,1222.9,0.0,4352.0,0.0
2026-09-04T15:28:18.002,13.037,1,54,3,3.0,2.65,377.815,957.098,1059.14,0.7,0.798,0.81,402.769,966.525,1062.396,398.754,909.291,999.139,362.747,1045.753,1045.753,377.301,956.778,1058.912,0.0,7.47,111.285,126.044,134.67,9,16.0,113.19,11.0,536.9,4096.0,192.0,23.7,98.0,905.6,14.72,65.0,1575.0,12.9,168.0,73,7030.7,15708.2,44.8,1223.3,0.0,4352.0,0.0
2026-09-04T15:28:19.003,14.037,1,64,10,10.0,29.99,33.672,36.228,36.608,0.724,0.982,0.982,36.228,39.725,40.336,100.044,101.628,101.706,21.416,24.023,24.023,33.348,35.966,36.355,0.0,13.33,117.521,144.996,151.95,0,19.0,33.35,18.0,536.9,4096.0,192.0,23.8,98.0,905.6,14.76,65.0,1575.0,14.0,160.9,73,7034.8,15708.2,44.8,1223.3,0.0,4352.0,0.0
2026-09-04T15:28:20.006,15.04,1,74,10,9.96,28.25,35.802,37.498,37.503,0.943,1.025,1.028,39.32,41.337,41.826,99.85,101.055,101.273,22.993,23.992,23.992,35.404,36.944,37.232,0.0,7.69,109.532,112.028,112.144,0,22.0,35.28,18.0,536.9,4096.0,192.0,23.8,98.0,905.6,14.93,65.0,1575.0,27.8,350.8,73,7034.7,15708.2,44.8,1223.4,0.0,4352.0,0.0
2026-09-04T15:28:21.002,16.037,1,84,10,10.04,29.14,34.669,41.159,41.279,0.864,1.214,1.355,37.495,45.024,45.223,100.219,102.162,102.571,21.887,25.681,25.681,34.321,40.848,40.923,0.0,7.32,111.421,125.276,134.802,0,22.0,34.44,18.0,536.9,4096.0,192.0,23.8,98.0,905.6,14.94,65.0,1575.0,20.6,216.9,73,7023.2,15708.2,44.7,1223.4,0.0,4352.0,0.0
2026-09-04T15:28:22.003,17.037,1,94,10,10.0,30.69,32.841,37.654,37.87,2.145,3.03,3.316,36.814,43.129,43.303,99.423,101.1,101.203,21.119,24.981,24.981,32.589,37.359,37.608,0.0,12.2,117.609,141.676,147.468,0,19.0,32.59,18.0,536.9,4096.0,192.0,23.8,98.0,905.6,14.95,66.0,1575.0,13.5,128.9,73,7022.9,15708.2,44.7,1223.4,0.0,4352.0,0.0
2026-09-04T15:28:23.002,18.037,1,95,1,1.0,26.82,37.644,37.644,37.644,2.849,2.849,2.849,43.181,43.181,43.181,101.431,101.431,101.431,22.987,22.987,22.987,37.285,37.285,37.285,0.0,7.78,110.749,114.352,115.408,7,25.0,3.73,19.0,536.9,4096.0,192.0,35.4,98.0,905.6,14.43,66.0,1575.0,21.6,169.1,73,7001.3,15708.2,44.6,1223.7,0.0,4352.0,0.0
2026-09-04T15:28:24.003,19.037,1,104,9,9.0,6.54,153.242,681.151,1109.931,2.103,2.723,2.858,158.134,685.546,1114.585,211.409,704.314,1106.651,142.028,1097.014,1097.014,152.932,680.635,1109.671,0.0,8.0,111.768,124.805,134.927,3,22.0,137.61,18.0,536.9,4096.0,192.0,23.7,98.0,905.6,15.18,66.0,1575.0,21.5,246.8,73,7002.4,15708.2,44.6,1223.8,0.0,4352.0,0.0
2026-09-04T15:28:25.004,20.039,1,114,10,9.98,31.25,32.231,36.264,36.777,2.56,3.142,3.164,36.996,42.469,43.038,99.473,101.966,102.24,21.541,23.343,23.343,31.998,36.001,36.516,0.0,14.08,117.855,145.072,148.241,0,19.0,31.94,17.0,536.9,4096.0,192.0,23.8,98.0,905.6,15.01,66.0,1575.0,21.0,221.7,73,7008.9,15708.2,44.6,1223.9,0.0,4352.0,0.0
2026-09-04T15:28:26.002,21.037,1,124,10,10.02,29.04,34.763,36.801,37.414,2.681,3.226,3.305,39.947,42.677,43.211,100.418,103.52,104.569,23.191,25.646,25.646,34.431,36.534,37.144,0.0,9.15,110.474,115.415,116.154,0,22.0,34.5,18.0,552.9,4096.0,208.0,23.7,114.0,905.6,15.02,66.0,1575.0,27.1,338.5,73,7006.5,15708.2,44.6,1223.9,0.0,4352.0,0.0
2026-09-04T15:28:27.002,22.037,1,126,2,2.0,31.34,32.702,34.574,34.782,2.469,2.659,2.68,37.052,39.527,39.802,98.649,100.455,100.656,21.262,22.87,22.87,31.91,34.219,34.476,0.0,8.86,112.995,128.747,142.467,6,13.0,6.38,12.0,590.9,4096.0,246.0,113.6,152.0,905.6,14.47,66.0,1575.0,19.9,163.1,73,6992.0,15708.2,44.5,1224.1,0.0,4352.0,0.0
2026-09-04T15:28:28.002,23.037,1,135,9,9.0,6.77,148.162,655.735,1069.381,1.926,2.402,2.477,160.118,687.7,1073.258,200.069,638.401,995.794,136.947,1059.497,1059.497,147.653,655.452,1069.133,0.0,9.55,114.455,135.26,143.613,3,19.0,132.87,18.0,536.9,4096.0,192.0,23.8,98.0,905.6,15.33,66.0,1575.0,17.1,202.0,73,6988.9,15708.2,44.5,1224.3,0.0,4352.0,0.0
2026-09-04T15:28:29.003,24.037,1,145,10,10.0,35.87,28.188,31.832,32.998,2.382,3.181,3.292,32.464,37.59,38.479,99.717,104.399,106.321,21.444,26.197,26.197,27.877,31.604,32.785,0.0,7.31,109.371,114.128,115.583,0,22.0,27.88,18.0,536.9,4096.0,192.0,23.7,98.0,905.6,14.99,66.0,1575.0,16.7,164.9,73,7002.8,15708.2,44.6,1224.3,0.0,4352.0,0.0
2026-09-04T15:28:30.005,25.04,1,155,10,9.97,33.0,30.709,35.73,37.11,2.257,2.826,2.984,35.39,41.047,41.95,99.24,102.726,103.027,21.578,24.857,24.857,30.302,35.479,36.874,0.0,9.17,112.157,130.626,143.582,0,22.0,30.22,18.0,536.9,4096.0,192.0,23.8,98.0,905.6,15.05,67.0,1575.0,18.7,206.5,73,7002.0,15708.2,44.6,1224.3,0.0,4352.0,0.0
2026-09-04T15:28:31.002,26.037,1,165,10,10.03,30.35,34.055,38.363,38.645,1.816,2.276,2.28,37.925,42.363,42.792,100.332,103.351,104.284,21.945,23.905,23.905,32.947,36.704,37.136,0.0,11.01,116.28,139.53,140.881,0,22.0,33.04,18.0,568.9,4096.0,224.0,23.8,130.0,905.6,15.1,67.0,1575.0,20.8,239.7,73,7000.9,15708.2,44.6,1224.3,0.0,4352.0,0.0
2026-09-04T15:28:32.002,27.037,1,175,10,10.0,32.67,31.293,35.73,36.975,1.349,1.708,1.737,34.827,40.269,40.699,99.897,101.411,101.869,20.827,24.546,24.546,30.612,34.974,36.022,0.0,6.96,109.74,112.079,112.221,0,19.0,30.62,17.0,568.9,4096.0,224.0,23.8,130.0,905.6,15.04,67.0,1575.0,12.8,140.0,73,7000.4,15708.2,44.6,1224.3,0.0,4352.0,0.0
2026-09-04T15:28:33.002,28.037,1,184,9,9.0,29.76,34.471,37.704,38.773,1.235,1.922,2.075,39.397,44.163,46.041,100.578,103.062,103.184,22.964,24.073,24.073,33.601,35.884,36.101,0.0,7.33,113.311,126.167,136.422,0,19.0,30.24,18.0,568.9,4096.0,224.0,30.9,130.0,905.6,15.08,67.0,1575.0,30.9,309.0,73,6989.1,15708.2,44.5,1224.3,0.0,4352.0,0.0
2026-09-04T15:28:34.003,29.037,1,185,1,1.0,0.95,1052.666,1052.666,1052.666,0.789,0.789,0.789,1055.812,1055.812,1055.812,96.215,96.215,96.215,1045.933,1045.933,1045.933,1052.023,1052.023,1052.023,0.0,11.35,114.279,141.591,143.133,9,42.0,105.13,27.0,488.9,4096.0,144.0,23.8,50.0,905.6,15.15,67.0,1575.0,12.2,136.9,73,6976.3,15708.2,44.4,1224.7,0.0,4352.0,0.0
2026-09-04T15:28:35.005,30.04,1,196,11,10.98,29.99,33.946,36.786,36.901,1.534,2.167,2.309,43.418,70.933,98.989,181.812,549.628,996.971,21.986,23.663,23.671,33.34,35.814,36.441,0.0,9.13,112.91,129.413,142.522,0,19.0,36.6,18.0,536.9,4096.0,192.0,23.8,98.0,905.6,15.15,67.0,1575.0,24.7,272.4,73,6985.8,15708.2,44.5,1224.7,0.0,4352.0,0.0
2026-09-04T15:28:36.002,31.037,1,206,10,10.03,30.58,32.951,37.357,37.378,2.067,2.649,2.668,37.511,42.656,42.815,99.617,101.399,101.704,21.352,23.296,23.296,32.702,37.116,37.137,0.0,9.0,111.388,130.57,145.171,0,22.0,32.79,18.0,536.9,4096.0,192.0,23.7,98.0,905.6,15.12,67.0,1575.0,19.2,208.5,73,6987.5,15708.2,44.5,1224.7,0.0,4352.0,0.0
2026-09-04T15:28:37.002,32.037,1,215,9,9.0,30.93,32.586,36.589,37.09,2.167,2.597,2.605,37.065,43.0,43.298,99.98,102.488,102.636,21.257,23.284,23.284,32.33,36.284,36.812,0.0,11.02,117.086,141.868,144.512,0,19.0,29.1,18.0,536.9,4096.0,192.0,31.0,98.0,905.6,15.09,67.0,1575.0,15.7,177.1,73,6989.5,15708.2,44.5,1224.7,0.0,4352.0,0.0
2026-09-04T15:28:38.002,33.037,1,215,0,0.0,,,,,,,,,,,,,,,,,,,,0.0,10.32,113.859,131.842,145.504,9,36.0,,24.0,508.9,4096.0,164.0,25.4,70.0,910.3,15.17,68.0,1575.0,17.1,137.0,73,6972.0,15708.2,44.4,1225.0,0.0,4352.0,0.0
2026-09-04T15:28:39.002,34.037,1,226,11,11.0,7.52,133.492,576.049,1113.544,2.374,2.622,2.655,140.522,589.391,1118.476,190.937,598.785,1094.787,120.93,1050.089,1104.09,133.017,575.808,1113.34,0.0,10.19,114.306,129.957,141.802,1,19.0,146.32,18.0,536.9,4096.0,192.0,23.8,98.0,910.3,14.86,67.0,1575.0,27.1,320.0,73,6959.4,15708.2,44.3,1225.0,0.0,4352.0,0.0
2026-09-04T15:28:40.005,35.04,1,227,1,1.0,30.73,32.789,32.789,32.789,1.939,1.939,1.939,37.172,37.172,37.172,99.413,99.413,99.413,23.116,23.116,23.116,32.542,32.542,32.542,0.0,12.26,115.176,140.574,141.909,7,22.0,3.24,17.0,488.9,4096.0,144.0,36.8,50.0,910.3,14.65,67.0,1575.0,16.1,155.5,73,6959.0,15708.2,44.3,1225.4,0.0,4352.0,0.0
2026-09-04T15:28:41.003,36.037,1,237,10,10.03,7.44,134.857,598.06,1057.269,1.325,1.912,2.311,141.005,610.928,1061.028,189.327,592.619,994.561,124.272,1045.842,1045.842,134.434,596.711,1054.992,0.0,13.07,116.662,142.339,150.825,2,19.0,134.81,18.0,536.9,4096.0,192.0,23.8,98.0,910.3,15.63,67.0,1575.0,17.2,211.6,73,6959.2,15708.2,44.3,1225.4,0.0,4352.0,0.0
2026-09-04T15:28:42.002,37.037,1,247,10,10.0,28.94,34.921,38.171,38.993,1.273,1.987,1.99,38.528,42.308,43.753,100.312,102.351,102.755,22.358,24.165,24.165,34.549,37.853,38.725,0.0,12.43,112.092,128.548,141.376,0,22.0,34.56,18.0,536.9,4096.0,192.0,23.8,98.0,910.3,15.22,68.0,1575.0,25.9,289.2,73,6973.9,15708.2,44.4,1225.4,0.0,4352.0,0.0
2026-09-04T15:28:43.002,38.037,1,252,5,5.0,28.54,35.406,39.415,39.61,1.845,2.437,2.527,39.872,45.266,45.644,99.913,100.942,101.001,23.07,25.019,25.019,35.038,39.022,39.314,0.0,14.09,117.245,146.163,146.478,3,27.0,17.52,27.0,546.9,4096.0,202.0,81.8,108.0,910.3,14.67,68.0,1575.0,23.0,202.0,73,6960.8,15708.2,44.3,1225.6,0.0,4352.0,0.0
2026-09-04T15:28:44.003,39.037,1,257,5,5.0,4.15,241.886,865.156,1072.507,2.309,2.535,2.54,249.003,873.059,1078.529,299.496,898.391,1097.758,230.173,1062.076,1062.076,241.091,864.831,1072.249,0.0,11.73,113.68,134.193,147.568,7,22.0,120.53,18.0,536.9,4096.0,192.0,23.7,98.0,910.3,15.34,68.0,1575.0,19.7,214.9,73,6965.8,15708.2,44.3,1225.7,0.0,4352.0,0.0
2026-09-04T15:28:45.005,40.04,1,267,10,9.97,31.03,32.482,36.742,36.991,2.787,3.676,4.17,37.525,42.648,42.824,99.81,101.522,101.905,21.443,23.488,23.488,32.228,36.479,36.72,0.0,8.4,108.839,112.863,113.086,0,22.0,32.14,18.0,536.9,4096.0,192.0,23.8,98.0,910.3,15.21,68.0,1575.0,19.1,206.5,73,6970.3,15708.2,44.4,1225.7,0.0,4352.0,0.0
2026-09-04T15:28:46.002,41.037,1,277,10,10.03,29.81,34.086,36.527,36.767,1.958,2.364,2.419,38.438,41.343,41.617,99.962,101.057,101.078,22.349,24.755,24.755,33.55,35.952,36.003,0.0,12.07,116.18,147.686,148.896,0,19.0,33.65,17.0,536.9,4096.0,192.0,23.8,98.0,910.3,15.26,68.0,1575.0,24.8,276.8,73,6977.9,15708.2,44.4,1225.8,0.0,4352.0,0.0
2026-09-04T15:28:47.002,42.037,1,287,10,10.0,32.1,31.68,35.793,36.931,1.352,1.768,1.885,34.903,40.273,41.793,99.755,101.872,102.435,21.087,23.364,23.364,31.156,35.222,36.123,0.0,12.43,114.374,141.211,154.819,0,19.0,31.15,18.0,536.9,4096.0,192.0,23.7,98.0,910.3,15.2,68.0,1575.0,18.8,160.0,73,6963.5,15708.2,44.3,1225.8,0.0,4352.0,0.0
2026-09-04T15:28:48.003,43.037,1,297,10,10.0,30.42,33.124,36.681,37.389,1.137,1.635,1.649,36.517,40.837,41.761,100.063,102.054,102.576,21.802,23.336,23.336,32.869,36.387,37.121,0.0,8.67,108.934,112.177,112.63,0,22.0,32.87,18.0,536.9,4096.0,192.0,23.7,98.0,910.3,15.24,68.0,1575.0,21.3,238.0,73,6969.8,15708.2,44.4,1225.8,0.0,4352.0,0.0
2026-09-04T15:28:49.002,44.037,1,304,7,7.0,28.31,36.205,37.456,37.492,1.177,1.226,1.229,40.016,41.363,41.503,100.206,103.424,104.371,23.187,23.607,23.607,35.321,36.444,36.457,0.0,13.46,118.031,149.199,149.298,1,6.0,24.73,5.0,536.9,4096.0,192.0,37.8,98.0,910.3,15.02,68.0,1575.0,24.8,297.1,73,6971.0,15708.2,44.4,1225.9,0.0,4352.0,0.0
2026-09-04T15:28:50.006,45.04,1,308,4,3.99,3.37,297.688,923.051,1079.126,0.991,1.181,1.205,327.66,938.806,1082.48,324.82,863.009,997.535,284.06,1064.168,1064.168,296.893,922.585,1078.86,0.0,12.86,114.914,140.751,154.298,8,19.0,118.4,14.0,536.9,4096.0,192.0,23.8,98.0,910.3,14.93,69.0,1575.0,20.9,231.2,73,6986.9,15708.2,44.5,1226.1,0.0,4352.0,0.0
2026-09-04T15:28:51.002,46.037,1,318,10,10.03,29.94,34.054,36.961,37.758,1.243,2.031,2.348,37.422,41.328,42.215,100.052,101.604,102.002,21.908,23.935,23.935,33.397,36.259,36.688,0.0,11.1,112.908,129.827,142.46,0,19.0,33.5,17.0,536.9,4096.0,192.0,23.8,98.0,910.3,15.4,69.0,1575.0,25.3,244.9,73,6979.5,15708.2,44.4,1226.1,0.0,4352.0,0.0
2026-09-04T15:28:52.002,47.037,1,323,5,5.0,29.44,34.72,37.819,38.215,2.489,2.963,3.032,39.498,43.023,43.512,99.909,100.947,100.997,22.679,24.03,24.03,33.972,36.322,36.566,0.0,13.29,116.497,148.801,149.555,3,28.0,16.99,29.0,536.9,4096.0,192.0,37.6,98.0,910.3,14.83,69.0,1575.0,19.6,197.0,73,6959.7,15708.2,44.3,1226.3,0.0,4352.0,0.0
2026-09-04T15:28:53.003,48.037,1,328,5,5.0,4.2,239.019,852.95,1057.259,1.506,1.611,1.63,244.147,858.04,1062.228,299.324,894.069,1092.044,228.411,1048.025,1048.025,238.346,852.739,1057.061,0.0,13.67,117.075,146.636,159.064,7,22.0,119.13,18.0,552.9,4096.0,208.0,23.9,114.0,910.3,15.41,69.0,1575.0,19.2,247.7,73,6957.1,15708.2,44.3,1226.4,0.0,4352.0,0.0
2026-09-04T15:28:54.003,49.037,1,333,5,5.0,32.81,30.815,32.96,33.098,1.393,1.593,1.617,34.81,38.579,39.171,100.278,101.229,101.312,21.609,22.994,22.994,30.481,32.748,32.883,0.0,8.11,108.998,112.1,112.63,3,18.0,15.24,19.0,536.9,4096.0,192.0,31.2,98.0,910.3,14.95,69.0,1575.0,17.5,199.1,73,6957.6,15708.2,44.3,1226.6,0.0,4352.0,0.0
2026-09-04T15:28:55.005,50.039,1,334,1,1.0,0.97,1035.532,1035.532,1035.532,1.612,1.612,1.612,1041.644,1041.644,1041.644,100.038,100.038,100.038,1029.236,1029.236,1029.236,1035.339,1035.339,1035.339,0.0,9.13,113.37,132.586,147.104,9,18.0,103.3,19.0,536.9,4096.0,192.0,30.8,98.0,910.3,15.11,69.0,1575.0,11.4,113.8,73,6952.2,15708.2,44.3,1226.9,0.0,4352.0,0.0
2026-09-04T15:28:56.003,51.037,1,340,6,6.01,5.01,200.121,794.102,1047.645,0.775,0.865,0.872,224.169,839.05,1085.458,398.96,1000.446,1002.883,191.535,1038.388,1038.388,199.611,793.728,1047.508,0.0,11.95,115.468,146.549,155.726,6,25.0,120.03,20.0,536.9,4096.0,192.0,23.7,98.0,910.3,15.61,69.0,1575.0,17.6,205.4,73,6954.4,15708.2,44.3,1227.1,0.0,4352.0,0.0
2026-09-04T15:28:57.002,52.037,1,350,10,10.0,33.92,29.706,31.561,31.571,0.89,1.019,1.048,32.928,35.216,35.294,100.231,101.42,101.658,22.189,23.684,23.684,29.479,31.32,31.337,0.0,7.24,108.964,112.04,112.762,0,22.0,29.48,18.0,536.9,4096.0,192.0,23.9,98.0,910.3,15.39,69.0,1575.0,23.4,272.1,73,6958.0,15708.2,44.3,1227.1,0.0,4352.0,0.0
2026-09-04T15:28:58.002,53.037,1,360,10,10.0,32.96,30.974,34.441,36.097,1.496,1.974,2.008,34.536,38.184,39.409,100.064,101.01,101.212,22.533,26.474,26.474,30.34,33.81,35.193,0.0,4.56,109.445,112.844,113.029,0,19.0,30.34,17.0,536.9,4096.0,192.0,23.8,98.0,910.3,15.42,69.0,1575.0,29.0,267.1,73,6944.1,15708.2,44.2,1227.1,0.0,4352.0,0.0
2026-09-04T15:28:59.002,54.037,1,370,10,10.0,32.88,31.035,34.603,35.247,2.183,2.656,2.677,35.28,39.298,39.419,99.844,101.086,101.117,22.088,23.339,23.339,30.417,34.026,34.985,0.0,10.51,116.53,149.843,159.865,0,19.0,30.41,17.0,536.9,4096.0,192.0,23.9,98.0,910.3,15.42,69.0,1575.0,23.0,273.9,73,6949.2,15708.2,44.2,1227.1,0.0,4352.0,0.0
2026-09-04T15:29:00.004,55.039,1,380,10,9.98,33.66,30.272,34.115,35.737,2.022,2.699,2.813,34.114,38.785,40.402,99.67,101.684,101.725,22.191,26.235,26.235,29.713,33.401,34.958,0.0,6.37,108.354,112.654,113.619,0,22.0,29.66,18.0,536.9,4096.0,192.0,23.8,98.0,910.3,15.43,69.0,1575.0,22.2,236.6,73,6959.7,15708.2,44.3,1227.1,0.0,4352.0,0.0
2026-09-04T15:29:01.002,56.037,1,390,10,10.02,35.25,28.734,32.625,33.135,1.786,2.451,2.49,32.212,37.34,38.142,100.24,101.849,102.18,21.386,25.335,25.335,28.367,32.21,32.895,0.0,4.03,107.873,109.661,109.768,0,22.0,28.42,18.0,536.9,4096.0,192.0,23.8,98.0,910.3,15.38,70.0,1575.0,16.5,168.3,73,6962.2,15708.2,44.3,1227.1,0.0,4352.0,0.0
2026-09-04T15:29:02.002,57.037,1,400,10,10.0,33.35,30.434,34.987,36.067,2.071,2.485,2.534,34.936,40.951,41.072,99.57,102.809,103.049,22.292,25.167,25.167,29.987,34.757,35.826,0.0,9.47,116.05,147.505,159.301,0,27.0,29.98,24.0,536.9,4096.0,192.0,23.7,98.0,910.3,15.55,70.0,1575.0,27.2,255.0,73,6938.0,15708.2,44.2,1227.1,0.0,4352.0,0.0
2026-09-04T15:29:03.002,58.037,1,410,10,10.0,31.05,32.441,36.461,36.718,2.24,2.968,2.994,36.71,41.745,42.27,100.235,102.811,102.933,21.78,23.215,23.215,32.209,36.245,36.5,0.0,6.42,108.764,112.612,114.444,0,19.0,32.22,18.0,536.9,4096.0,192.0,23.8,98.0,910.3,15.48,70.0,1575.0,20.2,230.1,73,6942.5,15708.2,44.2,1227.9,0.0,4352.0,0.0
2026-09-04T15:29:04.002,59.037,1,420,10,10.0,31.47,32.152,35.755,35.897,2.308,3.145,3.357,36.27,41.107,41.896,99.6,101.608,101.756,20.74,23.522,23.522,31.78,35.089,35.347,0.0,4.56,107.334,110.697,111.903,0,22.0,31.78,20.0,536.9,4096.0,192.0,23.8,98.0,910.3,15.4,70.0,1575.0,14.5,132.9,73,6957.6,15708.2,44.3,1227.9,0.0,4352.0,0.0
2026-09-04T15:29:05.006,60.041,1,430,10,9.96,29.26,34.761,38.254,38.78,2.933,3.776,4.143,40.682,44.708,45.634,100.207,103.15,103.151,23.233,26.283,26.283,34.178,37.97,38.465,0.0,10.8,117.401,152.382,164.925,0,22.0,34.04,18.0,536.9,4096.0,192.0,23.8,98.0,910.3,15.49,70.0,1575.0,25.8,302.8,73,6962.0,15708.2,44.3,1227.9,0.0,4352.0,0.0
2026-09-04T15:29:06.003,61.037,1,440,10,10.04,30.34,33.193,37.386,38.143,3.158,4.763,4.946,38.251,43.815,45.253,99.635,103.269,104.585,21.527,24.895,24.895,32.957,37.141,37.893,0.0,7.33,108.785,113.32,113.535,0,22.0,33.09,18.0,536.9,4096.0,192.0,23.7,98.0,910.3,15.45,70.0,1575.0,23.5,202.8,73,6950.5,15708.2,44.2,1227.9,0.0,4352.0,0.0
2026-09-04T15:29:07.003,62.037,1,450,10,10.0,29.94,33.644,36.446,36.455,2.974,4.389,4.421,39.165,43.925,44.909,99.635,101.081,101.249,21.757,23.233,23.233,33.401,36.145,36.149,0.0,5.17,111.363,113.843,113.998,0,22.0,33.4,18.0,536.9,4096.0,192.0,23.8,98.0,910.3,15.5,70.0,1575.0,18.7,244.0,73,6945.7,15708.2,44.2,1227.9,0.0,4352.0,0.0
2026-09-04T15:29:08.002,63.037,1,460,10,10.0,30.21,33.628,36.971,37.073,1.893,2.936,2.951,38.109,41.896,42.418,100.404,103.56,103.834,21.831,23.853,23.853,33.103,35.964,36.06,0.0,9.92,117.387,143.206,143.685,0,22.0,33.11,18.0,568.9,4096.0,224.0,23.8,130.0,910.3,15.5,70.0,1575.0,19.6,240.0,73,6960.4,15708.2,44.3,1227.9,0.0,4352.0,0.0
2026-09-04T15:29:09.002,64.037,1,470,10,10.0,31.16,32.534,35.89,35.926,1.058,1.525,1.607,35.395,39.936,40.06,100.168,101.686,101.892,21.156,23.158,23.158,32.094,35.367,35.607,0.0,6.95,109.127,114.011,114.824,0,22.0,32.1,20.0,568.9,4096.0,224.0,23.8,130.0,910.3,15.5,70.0,1575.0,16.8,172.0,73,6957.1,15708.2,44.3,1227.9,0.0,4352.0,0.0
2026-09-04T15:29:10.005,65.039,1,480,10,9.97,28.0,35.963,37.632,37.765,0.975,1.057,1.061,40.057,41.733,41.832,99.485,102.126,102.443,23.147,25.528,25.528,35.715,37.369,37.496,0.0,5.36,110.847,114.79,116.792,0,15.0,35.62,13.0,568.9,4096.0,224.0,23.8,130.0,910.3,15.52,70.0,1575.0,28.3,344.0,73,6958.2,15708.2,44.3,1227.9,0.0,4352.0,0.0
2026-09-04T15:29:11.003,66.037,1,490,10,10.03,28.33,35.538,38.441,39.333,1.035,1.256,1.33,39.7,43.22,43.248,100.145,102.571,102.764,22.845,25.879,25.879,35.292,38.183,39.096,0.0,8.75,117.438,143.168,144.82,0,22.0,35.38,18.0,568.9,4096.0,224.0,23.8,130.0,910.3,15.5,71.0,1575.0,25.5,311.7,73,6964.2,15708.2,44.3,1227.9,0.0,4352.0,0.0
2026-09-04T15:29:12.002,67.037,1,500,10,10.0,29.05,34.806,38.049,38.52,0.924,1.154,1.194,38.542,41.702,42.183,99.55,101.109,101.562,22.593,24.794,24.794,34.422,37.515,37.733,0.0,5.88,109.773,113.252,113.421,0,22.0,34.42,18.0,568.9,4096.0,224.0,23.8,130.0,910.3,15.57,70.0,1575.0,29.3,301.0,73,6957.7,15708.2,44.3,1227.9,0.0,4352.0,0.0
2026-09-04T15:29:13.002,68.037,1,510,10,10.0,29.79,33.997,37.293,37.622,0.869,1.058,1.071,37.061,41.363,41.581,99.385,102.377,102.415,21.514,24.655,24.655,33.574,37.051,37.388,0.0,6.37,110.154,118.328,120.272,0,25.0,33.58,23.0,568.9,4096.0,224.0,23.8,130.0,910.3,15.68,70.0,1575.0,16.7,207.1,73,6958.9,15708.2,44.3,1227.9,0.0,4352.0,0.0
2026-09-04T15:29:14.002,69.037,1,520,10,10.0,29.77,34.355,38.054,38.506,0.855,1.053,1.07,37.241,41.679,42.169,100.161,102.47,102.775,21.498,23.721,23.721,33.592,36.681,37.282,0.0,10.9,116.716,145.115,150.334,0,28.0,33.59,24.0,568.9,4096.0,224.0,23.8,130.0,910.3,15.52,70.0,1575.0,16.6,209.0,73,6964.9,15708.2,44.3,1227.9,0.0,4352.0,0.0
2026-09-04T15:29:15.005,70.039,1,530,10,9.98,29.0,35.112,38.013,38.121,0.903,1.034,1.063,38.262,41.54,41.947,100.318,101.711,101.995,22.084,23.218,23.218,34.483,37.497,37.841,0.0,7.82,109.883,113.304,113.533,0,25.0,34.4,22.0,568.9,4096.0,224.0,23.7,130.0,910.3,15.46,70.0,1575.0,21.7,272.3,73,6961.6,15708.2,44.3,1227.9,0.0,4352.0,0.0
2026-09-04T15:29:16.002,71.037,1,540,10,10.03,29.99,33.592,37.297,37.557,0.879,1.132,1.255,36.544,40.766,40.77,99.441,101.528,101.812,21.441,23.831,23.831,33.347,37.062,37.329,0.0,7.24,110.65,118.685,121.284,0,27.0,33.44,21.0,568.9,4096.0,224.0,23.8,130.0,910.3,15.6,70.0,1575.0,19.8,203.6,73,6968.2,15708.2,44.4,1227.9,0.0,4352.0,0.0
2026-09-04T15:29:17.002,72.037,1,550,10,10.0,28.55,35.601,39.584,40.863,0.947,1.069,1.075,39.054,43.315,45.043,100.579,102.368,102.664,22.735,24.575,24.575,35.032,38.98,40.617,0.0,10.94,118.794,146.137,147.542,0,25.0,35.03,21.0,568.9,4096.0,224.0,23.8,130.0,910.3,15.5,70.0,1575.0,28.3,270.0,73,6979.5,15708.2,44.4,1227.9,0.0,4352.0,0.0
2026-09-04T15:29:18.002,73.037,1,560,10,10.0,29.63,34.084,36.412,36.442,0.936,1.139,1.2,37.426,41.722,42.039,99.39,101.727,102.057,21.803,23.57,23.57,33.753,36.015,36.07,0.0,8.03,108.667,112.51,112.807,0,19.0,33.75,17.0,568.9,4096.0,224.0,23.8,130.0,910.3,15.65,70.0,1575.0,23.7,235.9,73,7019.4,15708.2,44.7,1227.9,0.0,4352.0,0.0
2026-09-04T15:29:19.003,74.038,1,570,10,9.99,27.02,37.612,39.204,39.86,1.042,1.08,1.085,41.54,43.532,43.845,100.417,101.859,101.995,23.436,23.967,23.967,37.013,38.916,39.551,0.0,5.75,110.823,115.461,116.502,0,23.0,36.98,19.0,568.9,4096.0,224.0,23.8,130.0,910.3,15.39,70.0,1575.0,31.7,379.6,73,7029.6,15708.2,44.8,1227.9,0.0,4352.0,0.0
2026-09-04T15:29:20.005,75.039,1,580,10,9.98,28.93,35.08,38.958,39.305,0.865,1.056,1.061,37.772,42.898,43.376,99.631,101.563,101.694,21.284,25.229,25.229,34.565,38.714,39.067,0.0,10.87,118.631,145.803,148.227,0,18.0,34.51,13.0,568.9,4096.0,224.0,23.8,130.0,910.3,15.44,70.0,1575.0,24.9,173.7,73,7039.6,15708.2,44.8,1227.9,0.0,4352.0,0.0
