wall_time,elapsed_s,sessions,scans_total,scans_in_window,scan_rate_hz,drspaam_fps,t_det_ms_mean,t_det_ms_p95,t_det_ms_max,t_track_ms_mean,t_track_ms_p95,t_track_ms_max,t_lat_ms_mean,t_lat_ms_p95,t_lat_ms_max,t_scan_ms_mean,t_scan_ms_p95,t_scan_ms_max,t_fwd_ms_mean,t_fwd_ms_p95,t_fwd_ms_max,inference_ms_mean,inference_ms_p95,inference_ms_max,loss_percent,jitter_ms,wire_ms_mean,wire_ms_p95,wire_ms_max,busy_drop_in_window,bad_packets_in_window,gpu_util_percent,drspaam_gpu_duty_percent,gpu_mem_util_percent,gpu_mem_used_mb,gpu_mem_total_mb,gpu_proc_mem_mb,torch_alloc_mb,torch_reserved_mb,torch_peak_mb,gpu_power_w,gpu_temp_c,gpu_sm_clock_mhz,cpu_percent_system,cpu_percent_process,proc_threads,ram_used_mb,ram_total_mb,ram_percent,proc_rss_mb,swap_used_mb,swap_total_mb,swap_percent
2026-09-04T14:55:57.565,1.006,1,0,0,0.0,,,,,,,,,,,,,,,,,,,,0.0,7.31,9.181,33.436,40.594,8,0,19.0,,19.0,562.9,4096.0,218.0,35.7,84.0,103.7,12.98,63.0,1545.0,10.1,96.4,65,6513.5,15708.2,41.5,964.2,0.0,4352.0,0.0
2026-09-04T14:55:58.565,2.005,1,1,1,1.0,0.65,1533.842,1533.842,1533.842,1.903,1.903,1.903,1536.745,1536.745,1536.745,,,,1508.797,1508.797,1508.797,1532.43,1532.43,1532.43,0.0,4.99,3.187,4.248,4.498,4,0,0.0,153.26,0.0,494.9,4096.0,150.0,42.6,64.0,891.2,13.78,63.0,1575.0,15.4,104.0,65,6669.2,15708.2,42.5,1114.9,0.0,4352.0,0.0
2026-09-04T14:55:59.565,3.005,1,4,3,3.0,2.36,423.233,1093.668,1211.891,1.234,1.391,1.412,553.42,1240.931,1347.575,932.501,1371.031,1401.618,413.46,1082.956,1201.099,423.071,1093.483,1211.703,0.0,3.7,2.795,2.889,2.901,2,0,48.0,126.92,31.0,536.9,4096.0,192.0,23.8,98.0,897.3,14.53,63.0,1575.0,10.0,120.0,72,6761.8,15708.2,43.0,1221.3,0.0,4352.0,0.0
2026-09-04T14:56:00.565,4.005,1,7,3,3.0,14.74,68.04,129.166,139.63,1.677,1.913,1.943,70.422,131.587,142.029,333.994,401.362,401.526,57.498,118.97,129.612,67.828,128.963,139.429,0.0,8.75,2.816,2.832,2.832,0,0,0.0,20.35,0.0,542.9,4096.0,198.0,23.8,104.0,897.3,13.02,63.0,1575.0,10.2,90.0,72,6768.8,15708.2,43.1,1221.4,0.0,4352.0,0.0
2026-09-04T14:56:01.567,5.008,1,9,2,2.0,31.25,32.195,35.02,35.334,1.809,1.972,1.991,34.646,37.66,37.995,399.817,400.326,400.382,21.548,23.241,23.429,32.003,34.829,35.143,0.0,4.53,2.779,2.797,2.799,0,0,22.0,6.39,19.0,542.9,4096.0,198.0,23.8,104.0,897.3,12.03,63.0,1575.0,8.3,40.9,72,6767.8,15708.2,43.1,1221.6,0.0,4352.0,0.0
2026-09-04T14:56:02.565,6.005,1,12,3,3.01,31.03,32.409,35.504,36.034,1.214,1.491,1.538,34.322,37.698,38.287,399.553,399.77,399.774,20.86,22.787,23.122,32.227,35.298,35.824,0.0,3.37,3.609,4.859,5.079,0,0,0.0,9.69,0.0,542.9,4096.0,198.0,23.8,104.0,897.3,11.76,63.0,1575.0,11.3,45.1,72,6729.1,15708.2,42.8,1221.6,0.0,4352.0,0.0
2026-09-04T14:56:03.565,7.005,1,14,2,2.0,33.52,30.014,30.19,30.21,0.957,1.033,1.041,31.72,31.809,31.819,397.969,398.662,398.739,19.639,19.659,19.661,29.829,30.002,30.021,0.0,7.58,5.815,6.308,6.363,0,0,19.0,5.97,18.0,542.9,4096.0,198.0,23.8,104.0,897.3,11.96,64.0,1575.0,5.7,8.0,72,6753.4,15708.2,43.0,1221.6,0.0,4352.0,0.0
2026-09-04T14:56:04.565,8.005,1,17,3,3.0,31.77,31.666,35.226,35.745,1.614,2.117,2.204,33.937,38.055,38.663,400.468,402.212,402.413,20.867,22.784,23.116,31.476,35.014,35.53,0.0,7.12,5.499,6.894,6.998,0,0,0.0,9.44,0.0,542.9,4096.0,198.0,23.8,104.0,897.3,12.02,63.0,1575.0,9.6,44.0,72,6763.9,15708.2,43.1,1221.6,0.0,4352.0,0.0
2026-09-04T14:56:05.565,9.005,1,18,1,1.0,29.42,34.17,34.17,34.17,2.072,2.072,2.072,36.816,36.816,36.816,399.601,399.601,399.601,23.134,23.134,23.134,33.988,33.988,33.988,0.0,4.37,5.081,6.097,6.21,0,0,0.0,3.4,0.0,522.9,4096.0,178.0,51.8,84.0,897.3,11.7,63.0,1575.0,13.2,71.0,72,6774.9,15708.2,43.1,1221.9,0.0,4352.0,0.0
2026-09-04T14:56:06.567,10.007,1,21,3,2.99,2.7,370.122,941.639,1042.401,1.35,1.413,1.424,455.494,968.517,1044.455,531.952,757.579,797.053,359.633,931.842,1032.816,369.947,941.46,1042.224,0.0,8.18,5.62,6.036,6.076,1,0,5.0,110.75,3.0,536.9,4096.0,192.0,23.8,98.0,897.3,14.62,64.0,1575.0,15.1,172.6,72,6777.3,15708.2,43.1,1222.1,0.0,4352.0,0.0
2026-09-04T14:56:07.565,11.005,1,23,2,2.0,30.92,32.561,34.71,34.948,2.003,2.226,2.251,35.252,37.645,37.911,400.989,404.782,405.203,21.507,22.968,23.13,32.34,34.444,34.678,0.0,4.17,5.819,6.086,6.116,0,0,22.0,6.48,18.0,536.9,4096.0,192.0,23.8,98.0,897.3,12.5,64.0,1575.0,9.0,40.1,72,6781.0,15708.2,43.2,1222.1,0.0,4352.0,0.0
2026-09-04T14:56:08.565,12.005,1,26,3,3.0,33.25,30.443,30.885,30.897,1.206,1.347,1.359,32.453,32.937,32.966,400.27,401.912,402.177,19.662,19.69,19.692,30.073,30.521,30.558,0.0,6.33,17.827,37.772,41.286,0,0,0.0,9.02,0.0,536.9,4096.0,192.0,23.8,98.0,897.3,12.05,64.0,1575.0,4.5,12.0,72,6785.4,15708.2,43.2,1222.1,0.0,4352.0,0.0
2026-09-04T14:56:09.565,13.006,1,28,2,2.0,33.48,30.049,30.217,30.236,0.916,0.918,0.919,31.669,31.841,31.86,398.542,400.531,400.752,19.647,19.673,19.676,29.864,30.036,30.055,0.0,9.15,6.188,6.255,6.263,0,0,19.0,5.97,18.0,536.9,4096.0,192.0,23.8,98.0,897.3,12.04,64.0,1575.0,4.0,8.0,72,6783.5,15708.2,43.2,1222.1,0.0,4352.0,0.0
2026-09-04T14:56:10.565,14.005,1,31,3,3.0,33.61,29.935,29.984,29.986,1.389,1.4,1.401,32.052,32.106,32.109,397.867,399.791,400.105,19.674,19.678,19.678,29.754,29.806,29.808,0.0,4.71,5.108,6.659,6.77,0,0,0.0,8.93,0.0,536.9,4096.0,192.0,23.8,98.0,897.3,12.06,64.0,1575.0,5.6,11.0,72,6779.9,15708.2,43.2,1222.2,0.0,4352.0,0.0
2026-09-04T14:56:11.567,15.008,1,33,2,2.0,28.69,35.08,35.943,36.039,1.486,1.777,1.809,37.437,38.674,38.811,400.268,401.458,401.59,23.135,23.274,23.29,34.852,35.686,35.779,0.0,5.0,5.998,6.034,6.038,0,0,22.0,6.95,18.0,536.9,4096.0,192.0,23.8,98.0,897.3,12.1,64.0,1575.0,7.4,75.8,72,6778.6,15708.2,43.2,1222.2,0.0,4352.0,0.0
2026-09-04T14:56:12.565,16.005,1,36,3,3.01,28.87,34.882,35.368,35.407,1.485,1.785,1.823,37.13,37.534,37.591,398.109,399.442,399.673,23.028,23.186,23.205,34.642,35.082,35.116,0.0,8.24,3.962,5.743,6.056,0,0,0.0,10.41,0.0,536.9,4096.0,192.0,23.8,98.0,897.3,12.14,64.0,1575.0,11.0,110.2,72,6776.1,15708.2,43.1,1222.2,0.0,4352.0,0.0
2026-09-04T14:56:13.565,17.005,1,38,2,2.0,31.3,32.136,34.882,35.187,1.126,1.396,1.427,33.96,37.07,37.415,400.716,401.787,401.906,21.338,22.874,23.045,31.951,34.69,34.994,0.0,4.41,2.886,2.951,2.958,0,0,19.0,6.39,17.0,536.9,4096.0,192.0,23.8,98.0,897.3,12.13,64.0,1575.0,6.2,41.0,72,6768.1,15708.2,43.1,1222.2,0.0,4352.0,0.0
2026-09-04T14:56:14.565,18.005,1,41,3,3.0,31.54,31.894,34.743,35.189,1.295,1.427,1.433,33.884,36.859,37.34,398.779,400.234,400.291,20.825,22.775,23.112,31.709,34.55,34.994,0.0,4.98,20.727,50.983,56.305,0,0,0.0,9.51,0.0,536.9,4096.0,192.0,23.8,98.0,897.3,12.08,64.0,1575.0,6.7,45.0,72,6761.7,15708.2,43.0,1222.2,0.0,4352.0,0.0
2026-09-04T14:56:15.565,19.005,1,43,2,2.0,30.82,32.633,35.092,35.365,1.57,2.161,2.227,34.934,38.019,38.362,401.939,401.947,401.948,21.404,22.887,23.052,32.443,34.878,35.148,0.0,8.44,2.892,2.896,2.897,0,0,22.0,6.49,18.0,536.9,4096.0,192.0,23.8,98.0,897.3,12.16,65.0,1575.0,5.5,42.0,72,6760.7,15708.2,43.0,1222.2,0.0,4352.0,0.0
2026-09-04T14:56:16.567,20.008,1,46,3,2.99,31.01,32.464,34.396,34.443,1.608,2.133,2.226,34.741,37.196,37.347,399.713,399.834,399.841,21.831,23.044,23.065,32.248,34.13,34.17,0.0,4.26,3.114,3.556,3.626,0,0,0.0,9.65,0.0,536.9,4096.0,192.0,23.8,98.0,897.3,12.16,64.0,1575.0,8.9,76.8,72,6752.2,15708.2,43.0,1222.2,0.0,4352.0,0.0
2026-09-04T14:56:17.565,21.006,1,48,2,2.0,33.87,29.693,29.996,30.03,0.917,0.924,0.925,31.256,31.609,31.648,398.439,400.174,400.367,19.637,19.671,19.675,29.521,29.837,29.872,0.0,6.86,3.209,3.569,3.609,0,0,19.0,5.92,17.0,536.9,4096.0,192.0,23.8,98.0,897.3,12.14,65.0,1575.0,3.4,8.0,72,6751.1,15708.2,43.0,1222.3,0.0,4352.0,0.0
2026-09-04T14:56:18.565,22.005,1,51,3,3.0,30.2,33.321,35.426,35.581,1.8,2.279,2.283,35.743,38.268,38.424,399.582,399.83,399.835,21.879,23.129,23.166,33.115,35.212,35.367,0.0,8.79,3.589,4.936,5.168,0,0,0.0,9.94,0.0,536.9,4096.0,192.0,23.9,98.0,897.3,12.16,65.0,1575.0,8.1,76.0,72,6765.6,15708.2,43.1,1222.3,0.0,4352.0,0.0
2026-09-04T14:56:19.565,23.005,1,53,2,2.0,30.89,32.588,34.404,34.606,1.936,2.402,2.454,35.231,37.467,37.716,400.642,402.215,402.39,21.434,22.887,23.049,32.378,34.188,34.389,0.0,4.66,2.859,2.899,2.903,0,0,19.0,6.47,18.0,536.9,4096.0,192.0,23.8,98.0,897.3,12.2,65.0,1575.0,5.6,41.0,72,6763.6,15708.2,43.1,1222.3,0.0,4352.0,0.0
2026-09-04T14:56:20.565,24.005,1,56,3,3.0,31.41,32.023,35.724,36.359,1.363,2.172,2.311,34.087,38.595,39.374,399.663,399.914,399.948,20.791,22.757,23.102,31.834,35.494,36.122,0.0,7.36,20.727,51.17,56.538,0,0,0.0,9.55,0.0,536.9,4096.0,192.0,23.8,98.0,897.3,12.18,65.0,1575.0,6.1,46.0,72,6757.8,15708.2,43.0,1222.3,0.0,4352.0,0.0
2026-09-04T14:56:21.567,25.008,1,58,2,2.0,31.74,31.693,34.025,34.285,1.077,1.309,1.335,33.379,36.006,36.298,399.481,401.886,402.153,21.322,22.901,23.076,31.505,33.795,34.049,0.0,8.84,4.106,5.339,5.476,0,0,22.0,6.29,19.0,536.9,4096.0,192.0,23.8,98.0,897.3,12.18,65.0,1575.0,5.2,39.9,72,6754.1,15708.2,43.0,1222.3,0.0,4352.0,0.0
2026-09-04T14:56:22.565,26.005,1,61,3,3.01,30.81,32.647,36.082,36.585,1.344,1.691,1.709,34.682,38.291,38.769,400.353,402.105,402.406,20.924,22.801,23.126,32.453,35.873,36.374,0.0,5.44,3.088,3.178,3.181,0,0,0.0,9.76,0.0,536.9,4096.0,192.0,23.8,98.0,897.3,12.22,65.0,1575.0,6.5,44.1,72,6756.6,15708.2,43.0,1222.3,0.0,4352.0,0.0
2026-09-04T14:56:23.565,27.005,1,64,3,3.0,33.22,30.279,31.008,31.136,1.193,1.346,1.346,32.278,33.318,33.473,332.731,387.583,397.26,19.652,19.683,19.684,30.098,30.83,30.957,0.0,5.06,2.848,2.866,2.869,0,0,0.0,9.03,0.0,536.9,4096.0,192.0,23.8,98.0,897.3,12.19,65.0,1575.0,4.3,11.0,72,6728.9,15708.2,42.8,1222.3,0.0,4352.0,0.0
2026-09-04T14:56:24.565,28.005,1,69,5,5.0,33.7,29.842,30.058,30.083,1.42,1.638,1.659,31.984,32.168,32.205,199.693,200.392,200.481,19.635,19.669,19.669,29.673,29.899,29.924,0.0,9.2,3.037,3.777,4.005,0,0,19.0,14.84,18.0,536.9,4096.0,192.0,23.8,98.0,897.3,12.85,65.0,1575.0,5.9,18.0,72,6724.8,15708.2,42.8,1222.3,0.0,4352.0,0.0
2026-09-04T14:56:25.565,29.005,1,79,10,10.0,29.73,33.84,36.233,36.448,1.593,2.068,2.173,36.197,39.077,39.23,110.077,156.127,200.75,22.299,23.717,23.794,33.635,36.006,36.207,0.0,3.87,2.835,3.093,3.25,0,0,24.0,33.64,22.0,536.9,4096.0,192.0,23.8,98.0,897.3,14.31,66.0,1575.0,21.2,272.1,72,6725.9,15708.2,42.8,1222.4,0.0,4352.0,0.0
2026-09-04T14:56:26.567,30.007,1,89,10,9.98,31.23,32.253,35.231,35.361,1.322,1.897,1.928,34.304,37.952,38.002,99.92,100.975,101.052,21.055,23.211,23.252,32.022,35.04,35.189,0.0,4.9,8.545,34.364,60.001,0,0,22.0,31.95,18.0,536.9,4096.0,192.0,23.7,98.0,897.3,15.05,66.0,1575.0,15.3,166.6,72,6731.0,15708.2,42.9,1222.4,0.0,4352.0,0.0
2026-09-04T14:56:27.566,31.006,1,99,10,10.02,29.24,34.4,36.03,36.165,1.444,1.805,1.934,36.619,38.334,38.361,99.645,101.264,101.823,22.334,23.224,23.314,34.194,35.831,35.954,0.0,9.48,9.453,34.065,39.343,0,0,19.0,34.26,18.0,536.9,4096.0,192.0,23.8,98.0,897.3,15.03,66.0,1575.0,22.3,298.4,72,6728.1,15708.2,42.8,1222.4,0.0,4352.0,0.0
2026-09-04T14:56:28.565,32.006,1,109,10,10.0,30.34,33.155,37.652,38.838,0.92,1.604,1.939,34.773,39.822,41.439,99.777,101.16,101.199,21.361,23.362,23.632,32.956,37.387,38.566,0.0,3.18,3.303,4.442,4.459,0,0,22.0,32.96,18.0,536.9,4096.0,192.0,23.8,98.0,897.3,15.02,66.0,1575.0,17.3,212.1,72,6720.0,15708.2,42.8,1222.4,0.0,4352.0,0.0
2026-09-04T14:56:29.565,33.005,1,109,0,0.0,,,,,,,,,,,,,,,,,,,,0.0,3.69,9.15,37.857,66.189,8,0,13.0,,12.0,502.9,4096.0,158.0,25.3,64.0,905.6,14.2,66.0,1575.0,11.1,126.0,72,6719.3,15708.2,42.8,1222.7,0.0,4352.0,0.0
2026-09-04T14:56:30.565,34.005,1,119,10,10.0,7.56,132.409,589.193,1042.388,0.877,1.244,1.262,134.531,592.083,1043.741,200.016,653.084,1104.203,121.556,577.32,1031.021,132.227,588.99,1042.186,0.0,7.6,3.693,6.458,6.864,2,0,19.0,132.25,18.0,544.9,4096.0,200.0,23.8,106.0,905.6,15.81,66.0,1627.0,13.3,142.0,72,6733.9,15708.2,42.9,1222.7,0.0,4352.0,0.0
2026-09-04T14:56:31.567,35.007,1,129,10,9.98,32.48,30.971,35.004,36.049,0.861,1.023,1.052,32.487,36.652,37.845,99.757,101.703,101.893,20.292,22.807,22.832,30.786,34.799,35.835,0.0,3.41,2.835,3.028,3.077,0,0,22.0,30.72,19.0,544.9,4096.0,200.0,23.8,106.0,905.6,15.65,66.0,1627.0,9.8,100.8,72,6730.4,15708.2,42.8,1222.7,0.0,4352.0,0.0
2026-09-04T14:56:32.565,36.005,1,139,10,10.02,31.83,31.698,37.074,37.526,0.962,1.283,1.443,33.83,41.366,43.557,99.557,101.901,102.279,20.339,23.037,23.189,31.416,36.84,37.328,0.0,3.72,11.115,40.876,68.366,0,0,19.0,31.48,18.0,544.9,4096.0,200.0,23.8,106.0,905.6,15.17,66.0,1575.0,9.7,99.2,72,6724.6,15708.2,42.8,1222.7,0.0,4352.0,0.0
2026-09-04T14:56:33.565,37.005,1,149,10,10.0,31.02,32.416,36.171,36.324,1.019,1.594,1.864,34.208,38.236,38.716,100.566,102.13,102.155,21.182,23.532,23.702,32.239,35.977,36.121,0.0,7.09,3.806,5.567,5.567,0,0,19.0,32.23,18.0,576.9,4096.0,232.0,23.8,138.0,905.6,15.07,66.0,1575.0,13.8,166.9,72,6730.5,15708.2,42.8,1222.7,0.0,4352.0,0.0
2026-09-04T14:56:34.565,38.005,1,159,10,10.0,31.14,32.321,35.969,36.006,1.745,2.409,2.411,34.869,39.123,39.247,99.795,103.48,104.599,21.023,23.197,23.231,32.113,35.757,35.792,0.0,3.22,4.378,6.998,7.205,0,0,22.0,32.11,18.0,576.9,4096.0,232.0,23.8,138.0,905.6,15.0,67.0,1575.0,14.7,167.0,72,6725.6,15708.2,42.8,1222.7,0.0,4352.0,0.0
2026-09-04T14:56:35.565,39.005,1,169,10,10.0,30.22,33.365,35.916,35.966,2.461,3.259,3.563,36.662,39.816,39.938,99.734,101.659,101.831,21.717,23.157,23.178,33.093,35.588,35.64,0.0,3.68,8.789,24.253,38.56,0,0,22.0,33.09,18.0,576.9,4096.0,232.0,23.8,138.0,905.6,15.12,67.0,1575.0,19.3,234.0,72,6718.0,15708.2,42.8,1222.7,0.0,4352.0,0.0
2026-09-04T14:56:36.567,40.008,1,179,10,9.98,29.63,33.961,37.016,37.212,2.134,2.908,2.935,36.879,40.04,40.155,100.623,101.457,101.528,21.938,23.771,23.872,33.753,36.779,37.003,0.0,8.37,6.394,22.348,37.536,0,0,23.0,33.68,19.0,576.9,4096.0,232.0,23.8,138.0,905.6,15.22,67.0,1575.0,18.5,237.5,72,6717.3,15708.2,42.8,1222.7,0.0,4352.0,0.0
2026-09-04T14:56:37.565,41.005,1,189,10,10.02,30.23,33.292,36.565,36.886,1.525,2.162,2.244,35.548,39.483,39.73,99.703,101.095,101.131,21.597,23.06,23.079,33.081,36.322,36.631,0.0,2.75,3.272,4.865,5.36,0,0,22.0,33.16,18.0,576.9,4096.0,232.0,23.7,138.0,905.6,15.16,67.0,1575.0,19.5,233.5,72,6713.4,15708.2,42.7,1222.8,0.0,4352.0,0.0
2026-09-04T14:56:38.565,42.005,1,199,10,10.0,30.88,32.562,35.964,36.714,1.625,1.92,1.939,34.963,38.902,39.554,99.185,101.24,101.628,21.33,23.071,23.075,32.381,35.725,36.442,0.0,3.77,8.953,23.682,36.546,0,0,19.0,32.38,18.0,576.9,4096.0,232.0,23.9,138.0,905.6,15.16,67.0,1575.0,17.1,202.0,72,6712.7,15708.2,42.7,1222.8,0.0,4352.0,0.0
2026-09-04T14:56:39.565,43.006,1,209,10,10.0,29.75,33.85,36.404,37.069,1.498,2.004,2.034,36.068,38.743,39.134,100.767,103.407,103.996,22.352,23.912,24.057,33.614,36.204,36.879,0.0,7.44,4.503,6.739,7.016,0,0,22.0,33.61,19.0,576.9,4096.0,232.0,23.8,138.0,905.6,15.21,67.0,1575.0,23.1,268.9,72,6717.3,15708.2,42.8,1222.8,0.0,4352.0,0.0
2026-09-04T14:56:40.565,44.005,1,219,10,10.0,30.14,33.367,34.68,34.696,1.211,1.909,1.919,35.294,36.598,36.692,99.864,103.695,105.069,22.315,23.138,23.187,33.182,34.48,34.497,0.0,3.0,3.201,4.744,5.256,0,0,19.0,33.19,18.0,576.9,4096.0,232.0,23.7,138.0,905.6,15.24,67.0,1575.0,23.3,298.0,72,6716.9,15708.2,42.8,1222.8,0.0,4352.0,0.0
2026-09-04T14:56:41.567,45.008,1,229,10,9.98,31.07,32.431,35.173,35.25,0.942,1.186,1.232,34.419,37.407,37.492,99.719,101.476,101.603,20.991,23.117,23.18,32.183,34.947,35.007,0.0,3.84,12.738,42.221,71.145,0,0,19.0,32.11,18.0,576.9,4096.0,232.0,23.8,138.0,905.6,15.16,67.0,1575.0,15.0,166.6,72,6712.8,15708.2,42.7,1222.8,0.0,4352.0,0.0
2026-09-04T14:56:42.565,46.006,1,239,10,10.02,30.08,33.436,34.952,35.169,0.985,1.154,1.16,35.216,36.583,36.649,100.323,101.801,101.927,22.054,23.148,23.149,33.242,34.758,34.972,0.0,7.17,5.188,8.146,8.801,0,0,22.0,33.31,19.0,576.9,4096.0,232.0,23.7,138.0,905.6,15.21,67.0,1575.0,20.9,267.5,72,6710.4,15708.2,42.7,1222.8,0.0,4352.0,0.0
2026-09-04T14:56:43.565,47.005,1,249,10,10.0,28.89,34.953,38.35,39.121,1.112,1.583,1.82,36.89,40.707,41.593,99.49,101.415,101.525,22.397,23.208,23.21,34.62,37.794,38.856,0.0,3.29,5.699,6.358,6.397,0,0,19.0,34.62,18.0,576.9,4096.0,232.0,23.8,138.0,905.6,15.28,68.0,1575.0,23.7,304.0,72,6712.6,15708.2,42.7,1222.8,0.0,4352.0,0.0
2026-09-04T14:56:44.565,48.005,1,259,10,10.0,31.78,31.786,34.947,34.954,1.013,1.193,1.195,33.482,36.821,36.829,100.273,101.451,101.66,21.039,23.137,23.221,31.471,34.688,34.73,0.0,3.35,9.649,24.961,39.356,0,0,19.0,31.47,18.0,576.9,4096.0,232.0,23.7,138.0,905.6,15.25,68.0,1575.0,14.0,164.0,72,6712.9,15708.2,42.7,1222.8,0.0,4352.0,0.0
2026-09-04T14:56:45.565,49.005,1,269,10,10.0,30.9,32.683,35.836,35.925,0.883,1.155,1.221,34.296,37.659,37.827,99.792,101.027,101.062,21.382,23.205,23.209,32.362,35.344,35.684,0.0,7.08,5.821,9.789,12.56,0,0,19.0,32.37,18.0,576.9,4096.0,232.0,23.8,138.0,905.6,15.2,68.0,1575.0,16.9,199.1,72,6707.9,15708.2,42.7,1222.8,0.0,4352.0,0.0
2026-09-04T14:56:46.567,50.007,1,279,10,9.98,31.08,32.352,35.727,36.04,1.266,1.805,1.94,34.337,37.818,38.089,99.791,101.755,102.327,21.351,23.163,23.2,32.171,35.539,35.846,0.0,3.37,5.775,6.306,6.369,0,0,22.0,32.1,19.0,576.9,4096.0,232.0,23.8,138.0,905.6,15.24,68.0,1575.0,16.1,199.6,72,6706.9,15708.2,42.7,1222.8,0.0,4352.0,0.0
2026-09-04T14:56:47.566,51.006,1,289,10,10.02,29.65,33.947,36.121,36.444,1.822,2.519,2.649,36.587,39.187,39.918,99.751,101.223,101.246,22.047,23.282,23.395,33.731,35.888,36.204,0.0,3.11,8.512,25.111,42.282,0,0,22.0,33.79,18.0,576.9,4096.0,232.0,23.8,138.0,905.6,15.29,68.0,1575.0,21.6,270.2,72,6713.6,15708.2,42.7,1222.8,0.0,4352.0,0.0
2026-09-04T14:56:48.565,52.005,1,299,10,10.0,31.29,32.15,34.921,35.079,1.735,2.73,2.956,34.663,37.985,38.006,100.285,101.137,101.167,20.823,23.272,23.305,31.962,34.72,34.898,0.0,8.22,6.033,11.714,15.004,0,0,19.0,31.97,18.0,576.9,4096.0,232.0,23.8,138.0,905.6,15.29,68.0,1575.0,12.2,133.2,72,6711.1,15708.2,42.7,1222.8,0.0,4352.0,0.0
2026-09-04T14:56:49.565,53.005,1,309,10,10.0,32.29,31.153,35.13,35.8,1.435,2.344,2.669,33.28,37.991,38.59,99.772,101.543,101.709,20.624,23.042,23.062,30.966,34.892,35.565,0.0,3.31,4.725,6.476,6.905,0,0,19.0,30.96,18.0,576.9,4096.0,232.0,23.8,138.0,905.6,15.2,68.0,1575.0,13.8,134.0,72,6725.7,15708.2,42.8,1222.8,0.0,4352.0,0.0
2026-09-04T14:56:50.565,54.005,1,319,10,10.0,30.49,33.05,36.736,37.492,1.619,2.415,2.426,35.453,39.248,39.579,99.787,101.417,101.613,21.418,23.405,23.558,32.794,36.558,37.322,0.0,3.0,4.881,10.772,13.957,0,0,19.0,32.8,18.0,576.9,4096.0,232.0,23.8,138.0,905.6,15.28,68.0,1575.0,17.4,199.0,72,6724.3,15708.2,42.8,1222.8,0.0,4352.0,0.0
2026-09-04T14:56:51.567,55.008,1,329,10,9.98,29.34,34.301,36.672,36.859,1.444,2.029,2.411,36.544,38.986,39.29,100.253,101.793,101.865,22.223,23.5,23.666,34.083,36.424,36.619,0.0,7.23,5.907,13.401,17.441,0,0,23.0,34.01,19.0,576.9,4096.0,232.0,23.8,138.0,905.6,15.35,68.0,1575.0,21.9,267.4,72,6722.6,15708.2,42.8,1222.8,0.0,4352.0,0.0
2026-09-04T14:56:52.565,56.005,1,339,10,10.02,29.06,34.659,35.946,36.389,1.133,1.83,2.228,36.856,39.166,40.102,99.757,101.611,101.856,22.684,23.337,23.456,34.408,35.711,36.165,0.0,3.54,4.14,6.038,6.042,0,0,22.0,34.48,18.0,576.9,4096.0,232.0,23.9,138.0,905.6,15.41,68.0,1575.0,26.3,339.5,72,6721.7,15708.2,42.8,1222.8,0.0,4352.0,0.0
2026-09-04T14:56:53.565,57.005,1,349,10,10.0,31.57,31.874,36.642,37.676,0.749,0.921,0.984,33.398,38.288,39.331,99.451,101.331,101.352,21.003,23.234,23.238,31.679,36.41,37.448,0.0,2.83,3.198,4.266,4.82,0,0,22.0,31.68,19.0,576.9,4096.0,232.0,23.8,138.0,905.6,15.36,69.0,1575.0,15.2,167.1,72,6717.2,15708.2,42.8,1222.8,0.0,4352.0,0.0
2026-09-04T14:56:54.565,58.005,1,359,10,10.0,29.71,33.886,36.727,37.089,1.034,1.424,1.439,35.686,38.549,38.924,99.966,101.545,101.551,21.75,23.179,23.197,33.659,36.474,36.817,0.0,9.5,4.685,12.651,20.259,0,0,22.0,33.66,18.0,576.9,4096.0,232.0,23.8,138.0,905.6,15.34,69.0,1575.0,19.3,233.1,72,6713.7,15708.2,42.7,1222.8,0.0,4352.0,0.0
2026-09-04T14:56:55.565,59.005,1,369,10,10.0,30.07,33.476,35.556,36.013,1.133,1.442,1.457,35.366,37.448,37.719,100.413,101.946,102.272,21.765,23.18,23.188,33.257,35.335,35.788,0.0,3.3,3.277,5.109,5.629,0,0,19.0,33.26,18.0,576.9,4096.0,232.0,23.8,138.0,905.6,15.38,69.0,1575.0,19.7,228.0,72,6717.0,15708.2,42.8,1222.8,0.0,4352.0,0.0
2026-09-04T14:56:56.568,60.008,1,379,10,9.97,31.05,32.408,35.157,35.16,0.859,0.982,1.002,34.068,36.978,36.998,99.715,101.79,102.205,21.038,23.186,23.252,32.202,34.95,34.961,0.0,2.91,2.989,3.5,3.928,0,0,22.0,32.12,18.0,576.9,4096.0,232.0,37.9,138.0,905.6,15.37,69.0,1575.0,14.2,164.5,72,6716.1,15708.2,42.8,1222.8,0.0,4352.0,0.0
2026-09-04T14:56:57.565,61.005,1,380,1,1.0,28.02,35.913,35.913,35.913,0.916,0.916,0.916,37.536,37.536,37.536,100.714,100.714,100.714,23.84,23.84,23.84,35.69,35.69,35.69,0.0,9.44,5.233,16.147,25.993,8,0,13.0,3.58,12.0,488.9,4096.0,144.0,25.0,50.0,905.6,14.84,69.0,1575.0,11.0,126.4,72,6722.9,15708.2,42.8,1223.1,0.0,4352.0,0.0
2026-09-04T14:56:58.565,62.005,1,387,7,7.0,5.76,173.685,716.902,1008.988,1.028,1.349,1.467,177.404,721.931,1010.818,227.823,727.414,995.481,162.554,706.378,999.118,173.494,716.726,1008.818,0.0,3.37,2.811,2.95,2.955,3,0,22.0,121.45,19.0,536.9,4096.0,192.0,37.9,98.0,905.6,15.72,69.0,1575.0,20.0,260.0,72,6717.8,15708.2,42.8,1223.2,0.0,4352.0,0.0
2026-09-04T14:56:59.565,63.005,1,388,1,1.0,0.96,1045.503,1045.503,1045.503,1.175,1.175,1.175,1047.514,1047.514,1047.514,101.288,101.288,101.288,1034.677,1034.677,1034.677,1045.269,1045.269,1045.269,0.0,3.62,4.514,12.14,17.953,9,0,16.0,104.53,11.0,536.9,4096.0,192.0,37.8,98.0,905.6,15.26,69.0,1575.0,12.2,134.0,72,6728.5,15708.2,42.8,1223.6,0.0,4352.0,0.0
2026-09-04T14:57:00.566,64.005,1,392,4,4.0,3.61,276.931,858.299,1003.269,1.588,1.975,1.988,297.512,901.617,1049.363,549.675,1001.971,1003.406,265.755,848.222,993.819,276.75,858.154,1003.137,0.0,9.51,5.28,16.781,27.932,7,0,16.0,110.69,11.0,536.9,4096.0,192.0,31.0,98.0,905.6,15.12,69.0,1575.0,18.2,218.8,72,6726.1,15708.2,42.8,1223.8,0.0,4352.0,0.0
2026-09-04T14:57:01.569,65.009,1,402,10,9.97,30.68,32.788,35.413,35.597,1.549,1.988,1.994,35.107,37.986,38.054,100.295,100.973,100.987,21.839,23.329,23.4,32.593,35.202,35.375,0.0,3.28,2.819,3.291,3.631,0,0,19.0,32.48,18.0,536.9,4096.0,192.0,37.9,98.0,905.6,15.42,69.0,1575.0,20.6,236.3,72,6720.3,15708.2,42.8,1223.8,0.0,4352.0,0.0
2026-09-04T14:57:02.565,66.005,1,412,10,10.03,28.63,35.131,38.668,40.997,1.579,2.374,2.408,37.526,41.888,44.073,99.457,100.988,101.147,23.299,25.361,26.622,34.928,38.467,40.816,0.0,2.87,2.786,2.844,2.867,0,0,22.0,35.05,18.0,536.9,4096.0,192.0,31.8,98.0,905.6,15.48,69.0,1575.0,34.6,330.2,72,6718.5,15708.2,42.8,1223.8,0.0,4352.0,0.0
2026-09-04T14:57:03.565,67.005,1,422,10,10.0,28.92,34.797,39.014,40.124,1.597,2.034,2.088,37.183,41.947,43.152,99.858,101.099,101.101,22.594,25.326,26.602,34.575,38.741,39.798,0.0,9.41,5.831,19.157,30.134,0,0,22.0,34.57,18.0,536.9,4096.0,192.0,31.9,98.0,905.6,15.5,69.0,1575.0,31.3,256.0,72,6749.3,15708.2,43.0,1223.8,0.0,4352.0,0.0
2026-09-04T14:57:04.566,68.006,1,432,10,10.0,28.85,34.874,36.3,36.304,1.572,2.073,2.13,37.247,38.994,39.293,100.269,100.878,100.909,23.228,24.112,24.375,34.664,36.093,36.102,0.0,3.05,2.764,3.046,3.084,0,0,22.0,34.66,18.0,536.9,4096.0,192.0,31.8,98.0,905.6,15.53,70.0,1575.0,32.4,321.9,72,6761.7,15708.2,43.0,1223.8,0.0,4352.0,0.0
2026-09-04T14:57:05.565,69.005,1,442,10,10.0,29.04,34.71,36.783,37.193,1.92,2.809,3.066,37.481,39.876,40.481,99.682,100.831,100.843,22.496,23.488,23.672,34.43,36.556,36.965,0.0,3.13,3.166,5.046,5.973,0,0,22.0,34.44,18.0,536.9,4096.0,192.0,31.9,98.0,905.6,15.53,70.0,1575.0,27.7,299.2,72,6764.9,15708.2,43.1,1223.8,0.0,4352.0,0.0
2026-09-04T14:57:06.568,70.008,1,452,10,9.97,31.02,32.448,36.668,37.317,1.603,2.448,2.997,34.731,39.512,39.541,100.362,100.854,100.883,21.232,23.571,23.701,32.236,36.425,37.072,0.0,9.36,5.477,17.716,29.517,0,0,19.0,32.14,18.0,536.9,4096.0,192.0,45.7,98.0,905.6,15.54,70.0,1575.0,18.9,165.5,72,6779.5,15708.2,43.2,1223.8,0.0,4352.0,0.0
2026-09-04T14:57:07.565,71.005,1,462,10,10.03,31.54,31.899,35.118,35.498,1.385,1.903,2.168,34.029,37.456,37.961,99.353,100.925,100.985,21.004,23.157,23.176,31.708,34.919,35.289,0.0,3.21,3.018,4.243,5.312,0,0,19.0,31.8,18.0,536.9,4096.0,192.0,34.2,98.0,905.6,15.48,70.0,1575.0,18.5,170.5,72,6792.5,15708.2,43.2,1223.8,0.0,4352.0,0.0
2026-09-04T14:57:08.566,72.005,1,472,10,10.0,30.01,33.519,38.383,40.795,1.503,2.141,2.222,35.762,40.859,43.162,99.742,100.894,100.996,22.247,26.177,28.571,33.318,38.177,40.584,0.0,3.42,3.392,5.27,6.083,0,0,22.0,33.32,18.0,536.9,4096.0,192.0,34.4,98.0,905.6,15.48,70.0,1575.0,19.4,234.9,72,6770.1,15708.2,43.1,1223.8,0.0,4352.0,0.0
2026-09-04T14:57:09.565,73.006,1,482,10,10.0,28.62,35.153,39.343,40.672,1.763,2.389,2.397,37.65,42.345,43.901,100.14,101.117,101.311,22.808,26.456,28.242,34.936,39.105,40.433,0.0,8.83,6.163,21.68,37.048,0,0,23.0,34.93,19.0,568.9,4096.0,224.0,24.9,130.0,905.6,15.64,70.0,1575.0,26.0,257.0,72,6789.9,15708.2,43.2,1223.8,0.0,4352.0,0.0
2026-09-04T14:57:10.565,74.005,1,492,10,10.0,32.87,30.656,32.76,33.827,1.494,1.836,1.887,32.904,35.437,36.621,100.104,101.137,101.142,20.068,21.651,22.9,30.419,32.38,33.59,0.0,2.8,2.901,3.445,3.483,0,0,19.0,30.43,18.0,568.9,4096.0,224.0,24.9,130.0,905.6,15.52,70.0,1575.0,14.9,67.0,72,6786.5,15708.2,43.2,1223.8,0.0,4352.0,0.0
2026-09-04T14:57:11.567,75.007,1,502,10,9.98,31.07,32.38,35.379,35.636,1.444,2.078,2.262,34.615,37.558,37.822,99.734,101.167,101.24,21.139,23.246,23.29,32.181,35.183,35.444,0.0,2.72,2.77,2.928,2.971,0,0,22.0,32.12,18.0,568.9,4096.0,224.0,24.9,130.0,905.6,15.45,70.0,1575.0,16.5,168.7,72,6760.7,15708.2,43.0,1223.8,0.0,4352.0,0.0
2026-09-04T14:57:12.565,76.005,1,512,10,10.02,30.54,32.951,36.083,36.987,1.482,1.939,1.945,35.205,38.93,39.931,100.161,102.354,102.597,21.757,23.486,23.62,32.747,35.849,36.747,0.0,9.3,7.968,28.405,37.039,0,0,22.0,32.8,18.0,568.9,4096.0,224.0,31.5,130.0,905.6,15.59,70.0,1575.0,20.8,242.3,72,6755.2,15708.2,43.0,1223.8,0.0,4352.0,0.0
2026-09-04T14:57:13.566,77.005,1,522,10,10.0,29.75,33.832,40.092,43.543,1.757,2.702,2.826,36.362,42.622,45.822,99.794,101.738,101.784,22.195,27.23,30.406,33.612,39.851,43.277,0.0,3.06,2.808,3.066,3.256,0,0,22.0,33.61,19.0,568.9,4096.0,224.0,24.9,130.0,905.6,15.6,70.0,1575.0,20.5,195.9,72,6757.1,15708.2,43.0,1223.8,0.0,4352.0,0.0
2026-09-04T14:57:14.565,78.006,1,532,10,10.0,30.62,32.86,35.608,35.652,1.376,1.918,2.2,34.992,37.893,37.922,100.185,101.352,101.929,21.474,23.443,23.639,32.657,35.399,35.452,0.0,2.68,4.619,12.172,18.809,0,0,19.0,32.66,18.0,568.9,4096.0,224.0,31.4,130.0,905.6,15.54,71.0,1575.0,18.3,202.1,72,6752.2,15708.2,43.0,1223.8,0.0,4352.0,0.0
2026-09-04T14:57:15.565,79.005,1,542,10,10.0,28.87,34.855,40.121,43.401,1.332,2.392,2.459,37.032,42.663,45.792,99.48,101.016,101.029,22.689,26.831,29.765,34.633,39.867,43.147,0.0,8.78,7.31,25.154,38.796,0,0,22.0,34.64,18.0,568.9,4096.0,224.0,31.5,130.0,905.6,15.64,71.0,1575.0,21.3,267.0,72,6734.3,15708.2,42.9,1223.8,0.0,4352.0,0.0
2026-09-04T14:57:16.567,80.007,1,552,10,9.98,29.73,33.861,36.892,37.501,1.017,1.452,1.466,35.682,38.639,39.197,100.44,101.929,102.325,22.112,24.776,26.025,33.635,36.652,37.236,0.0,2.85,3.004,4.009,4.919,0,0,19.0,33.57,18.0,568.9,4096.0,224.0,24.9,130.0,905.6,15.59,70.0,1575.0,19.0,230.6,72,6716.5,15708.2,42.8,1223.8,0.0,4352.0,0.0
2026-09-04T14:57:17.565,81.005,1,562,10,10.02,31.18,32.299,35.683,35.837,0.975,1.396,1.482,34.021,37.674,37.759,99.728,102.638,103.724,21.142,23.36,23.6,32.076,35.416,35.552,0.0,3.18,2.983,3.975,4.161,0,0,19.0,32.13,18.0,568.9,4096.0,224.0,47.3,130.0,905.6,15.56,70.0,1575.0,16.2,174.2,72,6714.6,15708.2,42.7,1223.8,0.0,4352.0,0.0
2026-09-04T14:57:18.565,82.005,1,572,10,10.0,27.97,36.111,41.375,44.168,1.01,1.248,1.398,38.081,43.382,46.185,99.496,101.467,101.779,23.226,27.468,30.888,35.754,41.148,43.952,0.0,9.03,9.984,30.283,43.359,0,0,19.0,35.76,18.0,568.9,4096.0,224.0,31.9,130.0,905.6,15.58,70.0,1575.0,25.0,304.2,72,6713.6,15708.2,42.7,1223.8,0.0,4352.0,0.0
2026-09-04T14:57:19.566,83.006,1,582,10,10.0,32.0,31.493,37.372,39.582,0.795,0.935,0.958,33.135,39.058,41.297,100.009,100.8,100.887,20.688,25.005,26.545,31.247,36.928,39.347,0.0,3.18,5.243,6.464,6.612,0,0,19.0,31.24,18.0,568.9,4096.0,224.0,24.8,130.0,905.6,15.52,70.0,1575.0,12.8,112.0,72,6716.0,15708.2,42.8,1223.8,0.0,4352.0,0.0
2026-09-04T14:57:20.565,84.005,1,592,10,10.0,27.74,36.401,38.805,38.972,1.069,1.29,1.295,38.32,40.757,41.012,99.939,101.344,101.566,22.965,23.481,23.547,36.05,38.567,38.722,0.0,3.59,6.657,10.817,14.39,0,0,22.0,36.05,18.0,568.9,4096.0,224.0,37.2,130.0,905.6,15.59,70.0,1575.0,30.3,332.0,72,6693.6,15708.2,42.6,1223.8,0.0,4352.0,0.0
2026-09-04T14:57:21.567,85.007,1,602,10,9.98,29.8,33.778,37.405,37.459,1.014,1.441,1.617,35.778,39.969,40.016,100.165,101.734,101.741,21.68,23.946,24.117,33.561,37.139,37.241,0.0,8.55,10.072,28.29,38.717,0,0,19.0,33.5,18.0,568.9,4096.0,224.0,24.9,130.0,905.6,15.61,70.0,1575.0,18.0,192.8,72,6694.3,15708.2,42.6,1223.8,0.0,4352.0,0.0
2026-09-04T14:57:22.565,86.005,1,612,10,10.02,32.72,30.825,34.164,34.71,1.222,1.569,1.587,32.821,36.13,36.407,99.463,100.881,100.99,20.315,22.904,23.086,30.558,33.694,34.43,0.0,3.61,6.562,10.833,14.541,0,0,19.0,30.62,18.0,568.9,4096.0,224.0,24.8,130.0,905.6,15.45,70.0,1575.0,10.9,100.2,72,6692.1,15708.2,42.6,1223.8,0.0,4352.0,0.0
2026-09-04T14:57:23.565,87.006,1,622,10,10.0,30.76,32.737,35.186,35.583,1.595,1.922,1.969,35.232,37.769,37.997,100.093,101.141,101.203,21.055,23.111,23.111,32.508,34.936,35.36,0.0,4.97,7.421,12.774,16.535,0,0,19.0,32.5,18.0,568.9,4096.0,224.0,24.9,130.0,905.6,15.49,70.0,1575.0,14.7,178.9,72,6690.8,15708.2,42.6,1223.8,0.0,4352.0,0.0
2026-09-04T14:57:24.565,88.005,1,632,10,10.0,29.63,34.019,37.551,38.445,1.583,2.026,2.093,36.414,39.935,40.854,99.959,101.495,101.921,21.747,23.206,23.248,33.755,37.303,38.188,0.0,10.47,12.417,31.576,38.833,0,0,22.0,33.76,18.0,568.9,4096.0,224.0,24.9,130.0,905.6,15.56,70.0,1575.0,19.6,222.1,72,6692.8,15708.2,42.6,1223.8,0.0,4352.0,0.0
2026-09-04T14:57:25.565,89.006,1,642,10,10.0,30.7,32.842,35.696,35.832,1.455,1.957,1.999,35.14,38.087,38.224,100.067,101.097,101.272,21.466,23.278,23.287,32.573,35.46,35.577,0.0,3.79,5.342,6.4,6.542,0,0,19.0,32.57,18.0,568.9,4096.0,224.0,24.8,130.0,905.6,15.49,70.0,1575.0,19.8,214.9,72,6690.7,15708.2,42.6,1223.8,0.0,4352.0,0.0
2026-09-04T14:57:26.570,90.01,1,652,10,9.96,29.27,34.456,37.807,38.452,1.324,1.649,1.723,36.521,40.039,40.634,100.244,101.421,101.746,22.23,23.454,23.471,34.163,37.351,38.266,0.0,4.28,7.477,12.334,16.191,0,0,22.0,34.02,18.0,568.9,4096.0,224.0,45.9,130.0,905.6,15.57,70.0,1575.0,24.1,265.8,72,6691.9,15708.2,42.6,1223.8,0.0,4352.0,0.0
2026-09-04T14:57:27.565,91.005,1,662,10,10.04,29.48,34.218,40.059,42.954,1.113,1.562,1.571,36.243,42.208,44.88,99.825,101.02,101.178,22.341,26.811,29.766,33.925,39.838,42.739,0.0,9.32,11.166,32.294,43.093,0,0,19.0,34.08,18.0,568.9,4096.0,224.0,24.9,130.0,905.6,15.55,70.0,1575.0,18.0,225.2,72,6690.8,15708.2,42.6,1223.8,0.0,4352.0,0.0
2026-09-04T14:57:28.565,92.005,1,672,10,10.0,30.33,33.174,36.875,37.603,1.533,2.048,2.063,35.503,39.819,40.607,99.698,101.37,101.382,21.772,23.273,23.343,32.967,36.618,37.313,0.0,3.27,4.291,6.538,7.028,0,0,22.0,32.96,18.0,568.9,4096.0,224.0,24.9,130.0,905.6,15.48,70.0,1575.0,26.0,242.9,72,6691.1,15708.2,42.6,1223.8,0.0,4352.0,0.0
2026-09-04T14:57:29.565,93.006,1,683,11,11.0,30.67,32.815,39.108,42.894,1.267,1.549,1.564,34.94,41.656,45.193,99.826,101.411,101.794,20.952,23.259,23.316,32.605,38.913,42.711,0.0,2.93,7.043,16.996,25.874,0,0,19.0,35.85,18.0,568.9,4096.0,224.0,23.8,130.0,905.6,15.5,69.0,1575.0,13.7,154.0,72,6691.0,15708.2,42.6,1223.8,0.0,4352.0,0.0
2026-09-04T14:57:30.565,94.005,1,692,9,9.0,31.59,31.896,34.887,35.059,1.673,1.975,1.983,34.35,37.658,37.862,100.3,101.256,101.303,20.898,23.215,23.242,31.651,34.671,34.832,0.0,10.08,12.051,28.442,38.972,0,0,22.0,28.5,19.0,568.9,4096.0,224.0,24.9,130.0,905.6,15.4,70.0,1575.0,13.4,132.0,72,6700.8,15708.2,42.7,1223.8,0.0,4352.0,0.0
2026-09-04T14:57:31.567,95.007,1,703,11,10.98,29.96,33.597,37.648,38.676,1.863,2.4,2.493,36.21,40.387,40.992,100.018,101.844,102.19,21.745,23.67,23.71,33.375,37.373,38.389,0.0,2.82,3.309,5.751,8.042,0,0,19.0,36.64,18.0,568.9,4096.0,224.0,23.7,130.0,905.6,15.5,69.0,1575.0,26.7,234.6,72,6688.3,15708.2,42.6,1223.8,0.0,4352.0,0.0
2026-09-04T14:57:32.566,96.006,1,713,10,10.02,29.38,34.259,36.192,36.253,1.76,2.46,2.462,36.865,39.062,39.424,99.586,101.352,101.37,22.396,23.312,23.355,34.041,35.956,36.022,0.0,2.56,5.821,18.921,30.406,0,0,22.0,34.1,18.0,568.9,4096.0,224.0,23.8,130.0,905.6,15.48,69.0,1575.0,28.5,290.4,72,6692.1,15708.2,42.6,1223.8,0.0,4352.0,0.0
2026-09-04T14:57:33.565,97.005,1,722,9,9.0,29.06,34.627,36.895,36.945,1.544,1.901,1.905,37.077,39.509,39.692,99.863,101.239,101.265,22.425,23.528,23.73,34.406,36.654,36.698,0.0,7.89,8.83,32.033,38.532,0,0,22.0,30.97,18.0,568.9,4096.0,224.0,24.9,130.0,905.6,15.47,69.0,1575.0,21.1,286.2,72,6691.0,15708.2,42.6,1223.8,0.0,4352.0,0.0
2026-09-04T14:57:34.566,98.006,1,733,11,11.0,32.73,30.745,33.84,33.987,1.159,1.519,1.579,32.69,35.866,36.039,99.861,101.012,101.199,20.274,22.927,23.019,30.555,33.651,33.799,0.0,3.07,2.877,3.177,3.294,0,0,19.0,33.6,18.0,568.9,4096.0,224.0,23.7,130.0,905.6,15.42,69.0,1575.0,10.3,99.9,72,6698.7,15708.2,42.6,1223.8,0.0,4352.0,0.0
2026-09-04T14:57:35.565,99.005,1,742,9,9.0,30.0,33.555,35.425,35.45,1.611,1.924,1.932,36.081,38.283,38.335,99.673,101.676,101.787,21.935,23.125,23.139,33.335,35.219,35.253,0.0,4.37,7.782,27.678,28.394,0,0,22.0,30.01,18.0,568.9,4096.0,224.0,31.9,130.0,905.6,15.36,69.0,1575.0,19.4,239.1,72,6696.8,15708.2,42.6,1223.8,0.0,4352.0,0.0
2026-09-04T14:57:36.567,100.007,1,752,10,9.98,28.82,34.92,36.371,36.418,1.268,1.696,1.948,37.039,38.859,39.123,100.303,101.104,101.151,22.734,24.418,25.016,34.695,36.161,36.212,0.0,8.53,9.401,34.237,41.095,0,0,23.0,34.63,19.0,568.9,4096.0,224.0,24.9,130.0,905.6,15.51,69.0,1575.0,24.5,303.5,72,6682.6,15708.2,42.5,1223.8,0.0,4352.0,0.0
2026-09-04T14:57:37.566,101.006,1,763,11,11.02,31.75,31.713,35.283,35.6,0.992,1.41,1.453,33.528,37.272,37.894,99.561,100.905,101.127,20.894,23.252,23.407,31.498,35.023,35.33,0.0,3.04,2.824,2.891,2.899,0,0,19.0,34.71,18.0,568.9,4096.0,224.0,23.7,130.0,905.6,15.38,69.0,1575.0,12.6,158.2,72,6682.0,15708.2,42.5,1223.8,0.0,4352.0,0.0
2026-09-04T14:57:38.565,102.005,1,773,10,10.0,29.45,34.183,37.042,37.49,0.992,1.306,1.399,36.088,39.107,39.293,100.285,101.191,101.195,22.112,23.277,23.302,33.954,36.784,37.227,0.0,2.84,5.641,18.122,29.978,0,0,19.0,33.96,18.0,568.9,4096.0,224.0,23.7,130.0,905.6,15.43,69.0,1575.0,21.5,284.2,72,6686.3,15708.2,42.6,1223.8,0.0,4352.0,0.0
2026-09-04T14:57:39.565,103.005,1,782,9,9.0,31.27,32.194,35.962,36.534,0.982,1.205,1.237,33.985,37.964,38.513,99.439,100.982,101.009,21.201,23.514,23.802,31.98,35.73,36.31,0.0,8.86,7.06,24.98,32.867,0,0,22.0,28.79,18.0,568.9,4096.0,224.0,24.9,130.0,905.6,15.37,68.0,1575.0,13.5,166.0,72,6679.9,15708.2,42.5,1223.8,0.0,4352.0,0.0
2026-09-04T14:57:40.566,104.006,1,793,11,11.0,30.78,32.686,35.251,35.464,0.884,1.085,1.148,34.4,37.121,37.169,100.275,101.101,101.128,21.57,23.212,23.304,32.485,35.003,35.163,0.0,3.66,2.885,3.63,4.117,0,0,22.0,35.72,18.0,568.9,4096.0,224.0,23.7,130.0,905.6,15.39,69.0,1575.0,18.0,226.8,72,6681.8,15708.2,42.5,1223.9,0.0,4352.0,0.0
2026-09-04T14:57:41.567,105.008,1,803,10,9.98,31.35,32.099,36.238,36.389,0.971,1.177,1.182,33.959,38.334,38.502,99.771,100.965,100.996,21.042,23.372,23.61,31.899,36.006,36.155,0.0,4.02,6.197,21.391,34.15,0,0,19.0,31.84,18.0,568.9,4096.0,224.0,23.7,130.0,905.6,15.34,68.0,1575.0,14.9,180.7,72,6676.5,15708.2,42.5,1223.9,0.0,4352.0,0.0
2026-09-04T14:57:42.566,106.006,1,812,9,9.02,30.73,32.753,35.688,35.755,1.049,1.39,1.499,34.634,37.613,37.71,99.936,100.813,100.821,21.602,23.491,23.691,32.537,35.463,35.553,0.0,7.77,5.393,17.211,28.855,0,0,22.0,29.34,18.0,568.9,4096.0,224.0,33.4,130.0,905.6,15.27,68.0,1575.0,16.8,209.3,72,6674.7,15708.2,42.5,1223.9,0.0,4352.0,0.0
2026-09-04T14:57:43.565,107.005,1,823,11,11.0,30.65,32.857,40.249,42.28,1.535,2.363,2.391,35.233,43.272,45.045,99.867,101.075,101.356,21.667,27.133,30.456,32.623,39.958,42.009,0.0,3.3,2.801,3.34,3.595,0,0,19.0,35.89,18.0,568.9,4096.0,224.0,23.8,130.0,905.6,15.38,68.0,1575.0,14.0,166.1,72,6674.0,15708.2,42.5,1223.9,0.0,4352.0,0.0
2026-09-04T14:57:44.565,108.005,1,825,2,2.0,33.65,30.226,30.875,30.947,1.339,1.598,1.627,32.395,32.992,33.058,100.367,100.511,100.527,19.766,19.767,19.767,29.713,30.045,30.082,0.0,2.49,6.476,21.096,34.104,6,0,17.0,5.94,15.0,598.9,4096.0,254.0,114.4,160.0,905.6,14.81,68.0,1575.0,16.7,115.0,72,6685.8,15708.2,42.6,1224.1,0.0,4352.0,0.0
2026-09-04T14:57:45.566,109.005,1,833,8,8.0,6.02,166.244,723.395,1090.898,1.565,2.086,2.349,183.81,755.838,1093.456,213.122,689.227,1004.779,154.099,710.518,1079.629,166.027,723.171,1090.686,0.0,6.81,5.207,16.02,26.124,3,0,19.0,132.81,17.0,536.9,4096.0,192.0,59.9,98.0,905.6,15.61,68.0,1575.0,19.2,205.8,72,6676.2,15708.2,42.5,1224.2,0.0,4352.0,0.0
2026-09-04T14:57:46.567,110.007,1,841,8,7.99,31.26,32.188,36.246,36.346,1.449,2.224,2.379,34.407,39.204,39.637,100.192,103.702,104.573,21.295,24.329,24.66,31.993,36.01,36.11,0.0,2.44,2.815,3.154,3.4,1,0,23.0,25.55,18.0,516.9,4096.0,172.0,44.8,78.0,905.6,15.24,68.0,1575.0,12.9,139.9,72,6686.7,15708.2,42.6,1224.2,0.0,4352.0,0.0
2026-09-04T14:57:47.566,111.006,1,845,4,4.01,3.46,288.983,901.417,1054.458,1.305,1.552,1.553,302.269,909.9,1056.264,324.724,866.247,1001.195,277.148,890.015,1043.028,288.784,901.223,1054.266,0.0,3.56,7.46,24.367,32.088,8,0,42.0,115.7,27.0,536.9,4096.0,192.0,23.7,98.0,905.6,15.31,68.0,1575.0,13.9,179.2,72,6684.7,15708.2,42.6,1224.5,0.0,4352.0,0.0
2026-09-04T14:57:48.565,112.005,1,849,4,4.0,33.73,29.84,30.415,30.457,1.271,1.528,1.558,31.829,32.187,32.201,98.52,101.784,102.496,19.605,19.618,19.618,29.651,30.223,30.266,0.0,14.26,13.907,46.804,65.002,3,0,11.0,11.86,11.0,522.9,4096.0,178.0,31.7,84.0,905.6,14.9,68.0,1575.0,9.4,108.1,72,6682.5,15708.2,42.5,1224.7,0.0,4352.0,0.0
2026-09-04T14:57:49.565,113.005,1,856,7,7.0,5.67,176.512,733.021,1031.467,1.464,1.924,1.95,183.191,743.418,1033.587,228.381,727.596,996.094,165.306,722.11,1021.459,176.294,732.813,1031.275,0.0,10.68,11.943,48.104,81.249,6,0,22.0,123.39,18.0,544.9,4096.0,200.0,23.8,106.0,905.6,15.39,68.0,1575.0,18.0,233.9,72,6680.8,15708.2,42.5,1224.9,0.0,4352.0,0.0
2026-09-04T14:57:50.565,114.005,1,860,4,4.0,28.97,34.717,35.069,35.084,1.336,1.443,1.452,36.844,37.259,37.275,99.983,100.606,100.636,22.877,23.085,23.111,34.517,34.881,34.896,0.0,4.75,2.65,2.782,2.782,4,0,11.0,13.81,11.0,528.9,4096.0,184.0,31.7,90.0,905.6,14.99,67.0,1575.0,17.8,242.1,72,6679.4,15708.2,42.5,1225.0,0.0,4352.0,0.0
2026-09-04T14:57:51.569,115.009,1,866,6,5.98,5.06,197.967,782.214,1031.216,1.065,1.25,1.251,205.813,791.182,1033.016,249.087,770.957,994.182,187.686,771.547,1021.008,197.779,782.013,1031.026,0.0,9.21,6.412,22.26,36.649,5,0,22.0,118.21,18.0,536.9,4096.0,192.0,33.4,98.0,905.6,15.33,68.0,1575.0,12.1,141.3,72,6688.9,15708.2,42.6,1225.2,0.0,4352.0,0.0
2026-09-04T14:57:52.565,116.005,1,877,11,11.04,28.1,35.832,42.205,46.803,1.925,2.983,3.507,38.599,45.504,50.016,100.184,103.33,103.781,23.37,28.869,34.336,35.593,41.959,46.57,0.0,5.85,4.399,11.505,16.107,0,0,22.0,39.3,18.0,536.9,4096.0,192.0,23.7,98.0,905.6,15.35,67.0,1575.0,26.0,301.3,72,6686.5,15708.2,42.6,1225.2,0.0,4352.0,0.0
2026-09-04T14:57:53.565,117.006,1,887,10,10.0,28.9,34.846,38.712,40.705,1.659,2.407,2.601,37.401,42.242,44.442,99.201,101.617,101.916,22.156,23.474,23.588,34.608,38.435,40.371,0.0,3.13,7.229,25.386,41.532,0,0,22.0,34.6,18.0,536.9,4096.0,192.0,23.7,98.0,905.6,15.23,68.0,1575.0,24.4,274.9,72,6681.9,15708.2,42.5,1225.2,0.0,4352.0,0.0
2026-09-04T14:57:54.566,118.006,1,896,9,9.0,30.63,32.921,35.576,36.051,0.996,1.351,1.45,34.781,37.445,37.959,100.072,101.412,101.517,22.143,23.905,24.329,32.644,35.356,35.83,0.0,8.67,7.611,25.073,39.954,0,0,19.0,29.38,18.0,536.9,4096.0,192.0,25.1,98.0,905.6,15.15,67.0,1575.0,26.7,241.9,72,6684.9,15708.2,42.6,1225.3,0.0,4352.0,0.0
2026-09-04T14:57:55.566,119.006,1,907,11,11.0,30.92,32.561,35.658,36.766,1.182,2.073,2.127,34.657,38.571,39.616,100.007,102.288,102.331,21.864,23.292,23.316,32.34,35.42,36.525,0.0,7.24,7.446,21.393,32.812,0,0,19.0,35.57,17.0,536.9,4096.0,192.0,23.8,98.0,905.6,15.26,67.0,1575.0,21.6,260.0,72,6675.7,15708.2,42.5,1225.3,0.0,4352.0,0.0
2026-09-04T14:57:56.569,120.009,1,917,10,9.96,30.51,33.056,35.397,35.644,2.173,2.715,2.761,36.185,38.93,39.175,100.08,101.634,101.825,22.165,23.372,23.392,32.781,35.129,35.415,0.0,3.62,8.626,25.145,40.688,0,0,22.0,32.66,18.0,536.9,4096.0,192.0,23.8,98.0,905.6,15.17,67.0,1575.0,21.8,270.0,72,6674.6,15708.2,42.5,1225.3,0.0,4352.0,0.0
2026-09-04T14:57:57.565,121.005,1,926,9,9.03,29.87,33.728,36.177,36.508,2.097,2.269,2.271,36.703,39.39,39.633,99.846,104.513,104.557,22.358,23.216,23.237,33.476,35.915,36.276,0.0,8.0,6.635,23.279,38.429,0,0,19.0,30.25,18.0,536.9,4096.0,192.0,45.7,98.0,905.6,15.21,67.0,1575.0,25.3,280.1,72,6670.3,15708.2,42.5,1225.3,0.0,4352.0,0.0
2026-09-04T14:57:58.565,122.006,1,937,11,11.0,30.76,32.717,36.152,36.353,1.746,2.428,2.638,35.298,38.681,38.947,99.975,101.64,102.32,21.985,23.524,23.623,32.512,35.919,36.089,0.0,5.24,3.068,4.457,5.336,0,0,19.0,35.75,17.0,536.9,4096.0,192.0,23.8,98.0,905.6,15.21,67.0,1575.0,23.1,262.0,72,6651.1,15708.2,42.3,1225.3,0.0,4352.0,0.0
2026-09-04T14:57:59.565,123.006,1,947,10,10.0,31.13,32.374,35.255,35.347,2.031,2.707,3.05,35.223,38.6,39.227,99.974,101.335,101.618,21.746,23.165,23.197,32.127,34.954,35.017,0.0,3.1,7.335,26.432,43.221,0,0,22.0,32.13,18.0,536.9,4096.0,192.0,23.8,98.0,905.6,15.14,67.0,1575.0,22.6,234.0,72,6676.3,15708.2,42.5,1225.3,0.0,4352.0,0.0
2026-09-04T14:58:00.566,124.005,1,956,9,9.0,33.52,30.05,34.613,35.99,1.735,2.763,3.286,32.675,37.902,38.755,99.885,101.969,101.988,21.497,24.134,24.596,29.832,34.387,35.768,0.0,8.13,7.912,24.787,39.499,0,0,19.0,26.85,17.0,536.9,4096.0,192.0,24.8,98.0,905.6,15.2,67.0,1575.0,22.4,179.0,72,6659.8,15708.2,42.4,1225.3,0.0,4352.0,0.0
2026-09-04T14:58:01.570,125.01,1,967,11,10.95,33.65,29.948,34.598,35.354,1.618,2.792,2.829,32.46,37.347,38.38,99.896,102.381,102.485,21.349,23.632,24.016,29.715,34.339,35.148,0.0,5.5,4.846,11.958,16.767,0,0,22.0,32.55,19.0,536.9,4096.0,192.0,23.8,98.0,905.6,15.06,67.0,1575.0,18.9,185.2,72,6676.0,15708.2,42.5,1225.3,0.0,4352.0,0.0
2026-09-04T14:58:02.565,126.005,1,977,10,10.04,32.52,31.042,34.631,35.051,1.185,1.77,1.851,33.018,36.981,37.803,99.687,101.852,102.364,22.422,23.287,23.289,30.747,34.386,34.796,0.0,3.18,7.116,24.257,39.247,0,0,22.0,30.88,18.0,536.9,4096.0,192.0,23.7,98.0,905.6,15.21,67.0,1575.0,25.6,304.5,72,6679.5,15708.2,42.5,1225.3,0.0,4352.0,0.0
2026-09-04T14:58:03.566,127.006,1,987,10,9.99,33.1,30.426,33.634,34.815,1.187,1.583,1.641,32.459,35.69,36.914,99.857,101.353,101.685,22.131,23.306,23.325,30.215,33.413,34.598,0.0,8.5,7.589,28.111,39.244,0,0,21.0,30.19,17.0,536.9,4096.0,192.0,23.8,98.0,905.6,15.23,67.0,1575.0,24.1,269.8,72,6688.7,15708.2,42.6,1225.3,0.0,4352.0,0.0
2026-09-04T14:58:04.566,128.006,1,997,10,10.0,29.09,34.614,36.272,36.721,1.178,1.262,1.267,36.617,38.302,38.786,100.04,101.953,102.143,22.582,23.578,23.721,34.373,35.986,36.445,0.0,5.72,4.896,10.802,14.732,0,0,22.0,34.39,19.0,536.9,4096.0,192.0,23.7,98.0,905.6,15.14,67.0,1575.0,29.8,304.0,72,6679.3,15708.2,42.5,1225.3,0.0,4352.0,0.0
2026-09-04T14:58:05.565,129.005,1,1007,10,10.0,32.28,31.19,35.446,36.032,1.8,2.182,2.23,33.795,38.227,38.898,99.98,101.579,101.983,21.194,23.453,23.663,30.976,35.217,35.799,0.0,3.45,8.068,28.571,46.146,0,0,20.0,30.98,19.0,536.9,4096.0,192.0,23.8,98.0,905.6,15.14,67.0,1575.0,16.3,169.1,72,6672.0,15708.2,42.5,1225.3,0.0,4352.0,0.0
2026-09-04T14:58:06.569,130.009,1,1016,9,8.97,30.82,32.672,35.714,36.387,2.251,2.988,3.107,35.8,38.392,39.19,99.948,101.094,101.14,23.192,23.506,23.681,32.444,35.502,36.169,0.0,9.1,8.421,30.173,42.941,0,0,23.0,29.1,19.0,568.9,4096.0,224.0,25.0,130.0,905.6,15.15,67.0,1575.0,29.0,355.6,72,6673.6,15708.2,42.5,1225.3,0.0,4352.0,0.0
2026-09-04T14:58:07.565,131.005,1,1024,8,8.03,28.53,35.302,41.007,43.122,2.524,2.747,2.755,38.701,44.787,47.007,99.613,101.248,101.407,22.718,23.337,23.348,35.049,40.733,42.837,0.0,10.21,10.041,41.075,57.707,1,0,16.0,28.14,14.0,518.9,4096.0,174.0,44.9,80.0,905.6,15.17,67.0,1575.0,24.2,274.1,72,6672.5,15708.2,42.5,1225.4,0.0,4352.0,0.0
2026-09-04T14:58:08.565,132.005,1,1025,1,1.0,0.94,1069.512,1069.512,1069.512,1.639,1.639,1.639,1072.057,1072.057,1072.057,97.978,97.978,97.978,1057.118,1057.118,1057.118,1068.495,1068.495,1068.495,0.0,4.32,8.372,29.198,45.479,9,0,28.0,106.85,21.0,510.9,4096.0,166.0,58.8,72.0,905.6,15.04,67.0,1575.0,12.1,134.0,72,6672.4,15708.2,42.5,1225.7,0.0,4352.0,0.0
2026-09-04T14:58:09.568,133.008,1,1028,3,2.99,2.74,365.246,930.101,1029.663,2.147,2.539,2.557,394.84,955.985,1051.641,732.89,1092.764,1103.663,355.878,922.012,1021.894,365.051,929.929,1029.497,0.0,9.45,9.176,32.258,40.387,9,0,38.0,109.24,35.0,536.9,4096.0,192.0,23.8,98.0,905.6,14.76,67.0,1575.0,14.5,179.5,72,6689.6,15708.2,42.6,1226.0,0.0,4352.0,0.0
2026-09-04T14:58:10.565,134.005,1,1038,10,10.02,29.75,33.852,36.126,36.453,2.369,2.678,2.692,37.059,39.436,39.79,100.264,101.423,101.877,22.349,23.278,23.363,33.609,35.858,36.191,0.0,6.81,6.743,20.241,25.978,0,0,22.0,33.69,19.0,536.9,4096.0,192.0,23.8,98.0,905.6,15.5,66.0,1575.0,23.7,322.8,72,6686.3,15708.2,42.6,1226.0,0.0,4352.0,0.0
2026-09-04T14:58:11.568,135.008,1,1048,10,9.97,30.45,33.128,36.189,36.868,2.185,2.677,2.882,36.124,39.348,39.966,99.897,102.157,102.675,22.001,23.151,23.213,32.846,35.949,36.632,0.0,4.01,7.558,29.213,50.694,0,0,19.0,32.76,18.0,536.9,4096.0,192.0,23.7,98.0,905.6,15.17,67.0,1575.0,21.4,276.3,72,6676.7,15708.2,42.5,1226.0,0.0,4352.0,0.0
2026-09-04T14:58:12.567,136.007,1,1058,10,10.01,30.75,32.76,35.036,35.047,2.037,2.528,2.633,35.71,38.254,38.311,100.226,101.806,102.232,21.858,23.287,23.332,32.521,34.772,34.783,0.0,9.02,8.2,30.788,40.736,0,0,17.0,32.56,16.0,536.9,4096.0,192.0,23.7,98.0,905.6,15.14,67.0,1575.0,24.3,222.2,72,6650.5,15708.2,42.3,1226.0,0.0,4352.0,0.0
2026-09-04T14:58:13.565,137.005,1,1068,10,10.01,30.07,33.482,35.311,35.543,1.923,2.503,2.764,36.205,38.293,38.613,99.236,100.708,100.893,22.574,23.817,23.908,33.252,35.06,35.297,0.0,5.68,5.556,18.402,30.453,0,0,14.0,33.29,9.0,536.9,4096.0,192.0,23.8,98.0,905.6,15.07,66.0,1575.0,26.8,315.5,72,6646.2,15708.2,42.3,1226.0,0.0,4352.0,0.0
2026-09-04T14:58:14.565,138.005,1,1078,10,10.0,29.43,34.227,37.611,39.397,2.167,3.006,3.527,37.234,41.429,43.781,100.455,101.955,102.149,22.601,23.553,23.734,33.976,37.327,39.091,0.0,3.17,8.102,32.504,56.783,0,0,20.0,33.98,16.0,536.9,4096.0,192.0,23.8,98.0,905.6,15.14,67.0,1575.0,26.7,309.0,72,6662.5,15708.2,42.4,1226.0,0.0,4352.0,0.0
2026-09-04T14:58:15.565,139.005,1,1078,0,0.0,,,,,,,,,,,,,,,,,,,,0.0,8.65,5.043,16.084,26.954,8,0,13.0,,12.0,488.9,4096.0,144.0,24.8,50.0,905.6,14.46,66.0,1575.0,12.3,130.0,72,6659.7,15708.2,42.4,1226.3,0.0,4352.0,0.0
2026-09-04T14:58:16.567,140.007,1,1087,9,8.98,6.91,144.924,640.238,1043.091,1.539,2.219,2.626,153.533,663.33,1045.258,199.123,634.996,990.789,133.939,629.923,1034.28,144.698,640.023,1042.893,0.0,6.48,5.919,20.637,34.704,1,0,9.0,129.99,8.0,528.9,4096.0,184.0,45.0,90.0,905.6,16.26,66.0,1672.0,17.2,221.6,72,6664.8,15708.2,42.4,1226.4,0.0,4352.0,0.0
2026-09-04T14:58:17.566,141.006,1,1090,3,3.0,2.71,369.788,942.782,1043.65,1.216,1.487,1.518,386.448,948.699,1045.55,400.58,909.583,999.399,359.493,932.864,1033.993,369.59,942.577,1043.447,0.0,3.67,7.854,30.501,57.104,9,0,34.0,111.03,30.0,536.9,4096.0,192.0,23.8,98.0,905.6,16.36,67.0,1672.0,14.1,193.2,72,6662.3,15708.2,42.4,1226.7,0.0,4352.0,0.0
2026-09-04T14:58:18.565,142.006,1,1100,10,10.0,29.98,33.574,35.035,35.154,0.941,0.969,0.97,35.418,36.993,37.188,99.724,100.917,101.282,22.295,22.892,22.915,33.355,34.813,34.923,0.0,8.27,6.16,21.024,30.975,0,0,23.0,33.36,19.0,568.9,4096.0,224.0,23.9,130.0,905.6,17.37,67.0,1725.0,27.6,376.0,72,6665.8,15708.2,42.4,1226.7,0.0,4352.0,0.0
2026-09-04T14:58:19.565,143.005,1,1110,10,10.0,29.96,33.603,35.376,35.486,0.854,1.033,1.055,35.344,37.151,37.176,100.045,100.863,100.99,22.192,23.43,23.453,33.375,35.153,35.271,0.0,6.17,5.637,19.096,32.461,0,0,12.0,33.38,9.0,568.9,4096.0,224.0,23.9,130.0,905.6,16.92,66.0,1575.0,23.6,305.1,72,6670.9,15708.2,42.5,1226.7,0.0,4352.0,0.0
2026-09-04T14:58:20.565,144.005,1,1120,10,10.0,29.66,33.953,36.439,36.882,0.921,1.073,1.09,35.704,38.202,38.585,99.802,101.465,101.8,22.119,23.34,23.432,33.715,36.187,36.626,0.0,4.19,8.221,33.218,57.789,0,0,20.0,33.72,17.0,568.9,4096.0,224.0,23.8,130.0,905.6,15.13,66.0,1575.0,24.1,274.1,72,6672.1,15708.2,42.5,1226.7,0.0,4352.0,0.0
2026-09-04T14:58:21.568,145.008,1,1130,10,9.97,29.22,34.473,37.36,38.518,1.884,2.342,2.437,37.182,40.472,41.797,100.014,101.481,101.61,22.65,23.92,24.035,34.229,37.055,38.225,0.0,8.44,5.579,18.289,28.559,0,0,22.0,34.13,18.0,568.9,4096.0,224.0,23.7,130.0,905.6,15.03,67.0,1575.0,30.2,299.1,72,6659.1,15708.2,42.4,1226.7,0.0,4352.0,0.0
2026-09-04T14:58:22.565,146.005,1,1140,10,10.03,30.03,33.53,36.385,36.963,1.912,3.011,3.225,36.294,39.89,40.29,99.87,101.444,101.982,22.093,23.263,23.274,33.296,36.083,36.629,0.0,5.53,5.768,19.856,33.724,0,0,4.0,33.39,3.0,568.9,4096.0,224.0,23.8,130.0,905.6,14.98,66.0,1575.0,22.8,272.7,72,6668.7,15708.2,42.5,1226.7,0.0,4352.0,0.0
2026-09-04T14:58:23.565,147.005,1,1150,10,10.0,30.61,32.906,35.346,35.443,3.273,4.235,4.308,36.984,40.405,40.45,99.891,101.851,102.118,21.83,23.252,23.309,32.673,35.1,35.181,0.0,3.65,8.768,35.884,61.911,0,0,24.0,32.67,20.0,568.9,4096.0,224.0,23.7,130.0,905.6,15.03,66.0,1575.0,20.3,234.0,72,6677.5,15708.2,42.5,1226.7,0.0,4352.0,0.0
2026-09-04T14:58:24.565,148.005,1,1160,10,10.0,29.85,33.723,36.207,36.556,3.035,4.075,4.365,37.572,41.048,41.159,99.902,101.689,101.851,22.123,23.312,23.357,33.496,35.978,36.326,0.0,8.4,6.057,21.655,37.004,0,0,27.0,33.5,22.0,568.9,4096.0,224.0,23.8,130.0,905.6,15.1,66.0,1575.0,23.6,271.0,72,6679.9,15708.2,42.5,1226.7,0.0,4352.0,0.0
2026-09-04T14:58:25.565,149.005,1,1170,10,10.0,30.04,33.512,37.075,37.934,2.201,3.243,3.248,36.56,41.074,41.798,99.987,102.429,103.849,22.254,23.482,23.577,33.29,36.818,37.665,0.0,6.06,6.446,22.779,38.176,0,0,7.0,33.3,6.0,568.9,4096.0,224.0,23.8,130.0,905.6,14.96,66.0,1575.0,24.6,275.1,72,6675.8,15708.2,42.5,1226.7,0.0,4352.0,0.0
2026-09-04T14:58:26.567,150.008,1,1180,10,9.97,29.59,34.049,36.078,36.157,2.906,3.747,3.786,37.774,40.479,40.784,99.947,102.911,103.811,22.636,23.566,23.646,33.791,35.768,35.802,0.0,3.02,6.414,23.557,40.596,0,0,20.0,33.71,16.0,568.9,4096.0,224.0,23.9,130.0,905.6,15.05,66.0,1575.0,30.6,299.2,72,6659.4,15708.2,42.4,1226.7,0.0,4352.0,0.0
2026-09-04T14:58:27.565,151.005,1,1190,10,10.02,33.7,29.975,34.727,35.117,2.055,3.223,3.75,32.823,38.598,39.48,99.612,101.326,101.471,20.738,23.121,23.178,29.677,34.468,34.838,0.0,8.24,6.569,24.114,38.747,0,0,22.0,29.75,20.0,568.9,4096.0,224.0,23.7,130.0,905.6,15.22,66.0,1575.0,14.4,132.3,72,6669.0,15708.2,42.5,1226.7,0.0,4352.0,0.0
2026-09-04T14:58:28.565,152.005,1,1200,10,10.0,30.48,33.03,35.529,35.719,2.234,2.695,2.774,36.136,38.933,39.224,100.114,101.998,102.093,22.449,23.201,23.244,32.807,35.285,35.468,0.0,5.54,6.506,23.04,38.128,0,0,3.0,32.81,3.0,568.9,4096.0,224.0,23.8,130.0,905.6,14.64,66.0,1575.0,24.7,300.9,72,6673.8,15708.2,42.5,1226.7,0.0,4352.0,0.0
2026-09-04T14:58:29.565,153.005,1,1210,10,10.0,30.64,32.918,37.515,37.89,2.212,2.778,2.789,36.026,41.055,41.398,99.779,101.048,101.278,21.451,23.314,23.359,32.634,37.275,37.665,0.0,2.88,7.609,25.401,41.388,0,0,18.0,32.64,17.0,568.9,4096.0,224.0,23.8,130.0,905.6,15.04,66.0,1575.0,19.8,207.0,72,6671.4,15708.2,42.5,1226.7,0.0,4352.0,0.0
2026-09-04T14:58:30.565,154.005,1,1220,10,10.0,32.29,31.241,35.233,35.616,2.08,2.596,2.614,34.134,38.746,38.939,100.029,101.885,102.09,20.75,23.231,23.273,30.969,35.011,35.399,0.0,8.33,7.009,24.949,40.074,0,0,22.0,30.97,20.0,568.9,4096.0,224.0,23.8,130.0,905.6,14.94,66.0,1575.0,15.2,134.0,72,6698.0,15708.2,42.6,1226.7,0.0,4352.0,0.0
2026-09-04T14:58:31.568,155.008,1,1230,10,9.97,30.17,33.359,37.54,37.796,2.195,2.641,2.684,36.338,40.993,41.355,100.34,102.073,102.9,21.482,23.285,23.288,33.143,37.265,37.514,0.0,5.48,6.246,22.266,37.952,0,0,5.0,33.05,4.0,568.9,4096.0,224.0,23.8,130.0,905.6,14.73,66.0,1575.0,23.1,200.4,72,6680.7,15708.2,42.5,1226.7,0.0,4352.0,0.0
2026-09-04T14:58:32.565,156.005,1,1234,4,4.01,31.42,32.07,33.974,34.157,2.155,2.557,2.585,35.194,37.047,37.266,99.485,101.18,101.246,21.486,23.156,23.202,31.825,33.746,33.936,0.0,2.88,6.864,24.66,39.75,4,0,11.0,12.76,11.0,522.9,4096.0,178.0,31.7,84.0,905.6,14.43,66.0,1575.0,16.3,173.5,72,6683.8,15708.2,42.6,1226.8,0.0,4352.0,0.0
2026-09-04T14:58:33.565,157.005,1,1241,7,7.0,5.5,182.179,762.886,1075.04,1.699,2.151,2.291,193.679,778.36,1077.923,227.998,727.656,995.823,171.0,752.685,1065.312,181.968,762.673,1074.824,0.0,8.4,7.768,26.35,42.401,5,0,39.0,127.37,34.0,536.9,4096.0,192.0,23.8,98.0,905.6,15.35,66.0,1575.0,18.4,203.0,72,6685.1,15708.2,42.6,1227.0,0.0,4352.0,0.0
2026-09-04T14:58:34.565,158.006,1,1251,10,10.0,29.35,34.365,36.996,37.627,2.127,2.499,2.52,37.411,40.097,40.68,100.047,101.089,101.193,22.113,23.255,23.273,34.074,36.705,37.372,0.0,6.02,8.321,26.574,42.761,0,0,8.0,34.07,6.0,536.9,4096.0,192.0,23.8,98.0,905.6,15.01,66.0,1575.0,23.4,273.0,72,6679.0,15708.2,42.5,1227.0,0.0,4352.0,0.0
2026-09-04T14:58:35.565,159.005,1,1261,10,10.0,29.01,34.68,36.134,36.208,2.072,2.238,2.255,37.641,39.299,39.35,100.023,101.09,101.32,22.48,23.556,23.837,34.472,35.923,35.992,0.0,3.21,5.367,6.115,6.17,0,0,17.0,34.48,14.0,552.9,4096.0,208.0,23.9,114.0,905.6,15.23,66.0,1575.0,23.4,308.0,72,6687.6,15708.2,42.6,1227.0,0.0,4352.0,0.0
2026-09-04T14:58:36.567,160.007,1,1271,10,9.98,31.18,32.27,35.145,35.195,1.709,2.183,2.233,34.853,38.116,38.165,100.212,102.024,102.684,20.816,23.31,23.34,32.073,34.915,34.985,0.0,7.1,12.37,40.142,40.518,0,0,8.0,32.01,6.0,552.9,4096.0,208.0,23.8,114.0,905.6,14.85,66.0,1575.0,11.9,135.7,72,6682.0,15708.2,42.5,1227.0,0.0,4352.0,0.0
2026-09-04T14:58:37.565,161.006,1,1281,10,10.02,28.79,35.009,38.123,38.928,2.091,2.788,2.896,37.967,41.827,42.18,99.459,102.386,102.965,22.176,23.626,23.975,34.735,37.879,38.676,0.0,5.03,7.338,24.47,39.425,0,0,7.0,34.8,6.0,552.9,4096.0,208.0,23.7,114.0,905.6,14.88,66.0,1575.0,28.6,261.5,72,6663.3,15708.2,42.4,1227.0,0.0,4352.0,0.0
2026-09-04T14:58:38.565,162.005,1,1291,10,10.0,31.21,32.254,35.916,36.045,1.8,2.401,2.519,34.858,38.843,38.916,99.561,102.01,102.422,21.089,23.306,23.377,32.039,35.708,35.85,0.0,3.48,4.493,6.111,6.248,0,0,20.0,32.04,18.0,552.9,4096.0,208.0,23.8,114.0,905.6,15.35,66.0,1575.0,22.0,164.0,72,6716.7,15708.2,42.8,1227.0,0.0,4352.0,0.0
2026-09-04T14:58:39.565,163.006,1,1301,10,10.0,29.57,34.049,36.734,37.289,1.904,2.205,2.247,36.791,39.74,40.314,100.229,101.717,101.924,21.987,23.879,24.274,33.818,36.494,37.01,0.0,7.07,9.331,28.298,45.772,0,0,22.0,33.81,17.0,568.9,4096.0,224.0,23.8,130.0,905.6,14.93,66.0,1575.0,29.5,234.9,72,6705.3,15708.2,42.7,1227.0,0.0,4352.0,0.0
2026-09-04T14:58:40.565,164.005,1,1311,10,10.0,30.31,33.198,35.87,35.981,1.937,2.383,2.462,35.927,38.895,39.268,99.838,101.847,102.159,21.689,23.145,23.159,32.992,35.677,35.78,0.0,5.12,8.266,24.599,43.11,0,0,0.0,33.0,0.0,568.9,4096.0,224.0,23.9,130.0,905.6,14.78,66.0,1575.0,24.1,232.0,72,6720.1,15708.2,42.8,1227.0,0.0,4352.0,0.0
2026-09-04T14:58:41.567,165.008,1,1321,10,9.98,30.36,33.158,36.082,36.344,1.621,2.205,2.254,35.575,38.948,39.421,99.68,101.089,101.197,21.039,23.248,23.273,32.934,35.839,36.096,0.0,3.14,2.981,4.482,5.806,0,0,22.0,32.86,19.0,568.9,4096.0,224.0,23.8,130.0,905.6,14.95,66.0,1575.0,17.9,168.7,72,6717.7,15708.2,42.8,1227.0,0.0,4352.0,0.0
2026-09-04T14:58:42.565,166.005,1,1331,10,10.02,29.57,34.03,39.153,40.82,1.271,1.639,1.684,36.119,41.502,43.225,100.093,101.271,101.489,21.858,23.613,23.858,33.82,38.931,40.592,0.0,6.39,4.261,11.641,17.599,0,0,22.0,33.9,19.0,568.9,4096.0,224.0,23.8,130.0,905.6,14.96,66.0,1575.0,22.0,234.6,72,6714.6,15708.2,42.7,1227.0,0.0,4352.0,0.0
2026-09-04T14:58:43.565,167.005,1,1341,10,10.0,30.37,33.14,36.078,36.091,1.232,1.788,1.836,35.258,38.489,38.758,100.288,102.128,102.385,21.529,23.572,23.731,32.924,35.821,35.848,0.0,5.36,8.613,26.51,41.056,0,0,6.0,32.92,5.0,568.9,4096.0,224.0,23.9,130.0,905.6,14.73,66.0,1575.0,27.8,194.0,72,6774.6,15708.2,43.1,1227.0,0.0,4352.0,0.0
2026-09-04T14:58:44.565,168.005,1,1351,10,10.0,30.62,32.868,36.505,37.814,0.911,1.109,1.137,34.648,38.517,40.017,99.028,101.56,101.762,21.344,23.185,23.192,32.66,36.279,37.562,0.0,3.12,2.938,4.4,6.1,0,0,22.0,32.66,18.0,568.9,4096.0,224.0,23.9,130.0,905.6,15.37,66.0,1575.0,18.6,198.0,72,6779.2,15708.2,43.2,1227.0,0.0,4352.0,0.0
2026-09-04T14:58:45.565,169.005,1,1361,10,10.0,28.99,34.715,38.803,39.941,0.841,0.974,0.982,36.403,40.673,41.976,100.757,102.455,103.669,21.784,24.177,24.318,34.493,38.542,39.71,0.0,6.51,4.263,11.422,16.35,0,0,19.0,34.49,18.0,568.9,4096.0,224.0,23.8,130.0,905.6,15.05,66.0,1575.0,20.8,199.0,72,6773.5,15708.2,43.1,1227.0,0.0,4352.0,0.0
2026-09-04T14:58:46.569,170.009,1,1371,10,9.97,31.42,32.014,36.536,37.674,1.002,1.314,1.344,33.808,38.326,39.584,99.567,101.406,101.466,20.691,23.103,23.165,31.83,36.32,37.437,0.0,5.21,6.78,25.404,43.31,0,0,0.0,31.72,0.0,568.9,4096.0,224.0,40.1,130.0,905.6,14.58,66.0,1575.0,14.9,129.6,72,6781.1,15708.2,43.2,1227.0,0.0,4352.0,0.0
2026-09-04T14:58:47.566,171.006,1,1381,10,10.03,28.55,35.261,42.013,44.397,0.994,1.142,1.155,37.114,43.975,46.404,99.463,100.767,101.237,23.148,28.242,29.94,35.028,41.729,44.144,0.0,2.64,2.659,3.269,3.503,0,0,22.0,35.14,18.0,568.9,4096.0,224.0,51.9,130.0,905.6,14.97,66.0,1575.0,36.7,262.7,72,6780.4,15708.2,43.2,1227.0,0.0,4352.0,0.0
2026-09-04T14:58:48.566,172.005,1,1391,10,10.0,31.29,32.185,35.381,36.262,0.971,1.438,1.663,33.99,37.181,38.039,100.582,100.943,100.994,20.154,21.482,22.702,31.956,35.146,36.047,0.0,6.43,4.328,12.421,20.411,0,0,19.0,31.96,18.0,568.9,4096.0,224.0,37.9,130.0,905.6,15.05,66.0,1575.0,21.1,35.0,72,6793.8,15708.2,43.3,1227.0,0.0,4352.0,0.0
2026-09-04T14:58:49.565,173.005,1,1401,10,10.0,28.85,34.88,38.845,40.889,1.001,1.214,1.287,36.683,40.842,43.048,99.736,101.357,101.382,22.255,23.708,24.043,34.66,38.613,40.643,0.0,4.62,6.305,22.913,39.266,0,0,0.0,34.66,0.0,568.9,4096.0,224.0,51.6,130.0,905.6,14.67,66.0,1575.0,28.3,269.1,72,6786.2,15708.2,43.2,1227.0,0.0,4352.0,0.0
2026-09-04T14:58:50.566,174.005,1,1411,10,10.0,30.4,33.103,36.391,36.827,0.856,0.993,0.997,34.794,38.332,38.715,99.458,100.698,101.107,21.535,24.02,24.514,32.897,36.192,36.623,0.0,4.81,4.446,12.833,18.754,0,0,19.0,32.9,18.0,568.9,4096.0,224.0,33.4,130.0,905.6,14.96,66.0,1575.0,22.0,196.9,72,6774.1,15708.2,43.1,1227.0,0.0,4352.0,0.0
2026-09-04T14:58:51.569,175.009,1,1421,10,9.96,29.67,33.926,36.342,36.586,0.832,0.997,1.015,35.606,38.188,38.574,100.383,101.148,101.193,22.073,23.817,23.953,33.709,36.057,36.245,0.0,7.27,5.14,16.71,28.14,0,0,22.0,33.58,18.0,568.9,4096.0,224.0,39.9,130.0,905.6,15.0,66.0,1575.0,21.5,233.2,72,6769.8,15708.2,43.1,1227.0,0.0,4352.0,0.0
