method,run,metric,n_windows,mean,std,min,median,max
udp,static / seq,elapsed_s,75,38.00553333333334,21.794655338093932,1.005,38.005,75.01
udp,static / seq,sessions,75,1.0,0.0,1.0,1.0,1.0
udp,static / seq,scans_total,75,191.05333333333334,161.93040658436135,0.0,152.0,502.0
udp,static / seq,scans_in_window,75,6.693333333333333,3.7161929565201652,0.0,10.0,11.0
udp,static / seq,scan_rate_hz,75,6.6929333333333325,3.7157527240528676,0.0,9.95,11.0
udp,static / seq,drspaam_fps,74,31.162837837837834,9.022091231666927,0.69,33.754999999999995,37.58
udp,static / seq,t_det_ms_mean,74,73.37556756756756,187.86380056387551,26.768,29.8105,1440.927
udp,static / seq,t_det_ms_p95,74,112.9863648648649,275.5927558087518,27.264,32.7395,1440.927
udp,static / seq,t_det_ms_max,74,122.52378378378378,301.7886710992363,27.264,32.906000000000006,1440.927
udp,static / seq,t_track_ms_mean,74,0.859554054054054,0.20264755435166093,0.673,0.8075000000000001,1.877
udp,static / seq,t_track_ms_p95,74,0.9900675675675675,0.3091974291073666,0.675,0.9155,2.445
udp,static / seq,t_track_ms_max,74,1.0112567567567567,0.3220873726780551,0.675,0.9315,2.485
udp,static / seq,t_lat_ms_mean,74,80.65458108108109,199.46894841498766,28.739,32.361000000000004,1442.681
udp,static / seq,t_lat_ms_p95,74,118.22018918918918,284.4313003435835,28.739,35.2915,1442.681
udp,static / seq,t_lat_ms_max,74,127.19778378378379,308.92301256879966,28.739,35.8395,1442.681
udp,static / seq,t_scan_ms_mean,73,230.84660273972597,173.88804138061712,99.243,100.307,900.614
udp,static / seq,t_scan_ms_p95,73,261.4102876712328,230.23333219007765,100.644,101.549,1280.324
udp,static / seq,t_scan_ms_max,73,269.5166575342466,247.5258315068247,100.667,101.867,1300.097
udp,static / seq,t_fwd_ms_mean,74,62.27652702702702,186.58412734912972,16.988,18.814500000000002,1416.02
udp,static / seq,t_fwd_ms_p95,74,101.03862162162163,274.9937618010112,17.002,20.477,1416.02
udp,static / seq,t_fwd_ms_max,74,110.41297297297297,301.3154107392421,17.003,20.5275,1416.02
udp,static / seq,inference_ms_mean,74,73.16962162162163,187.77448838883967,26.608,29.625500000000002,1439.812
udp,static / seq,inference_ms_p95,74,112.76324324324324,275.54078512914174,27.082,32.486999999999995,1439.812
udp,static / seq,inference_ms_max,74,122.29893243243242,301.74355499622936,27.082,32.67100000000001,1439.812
udp,static / seq,loss_percent,75,0.014533333333333334,0.08842913384010789,0.0,0.0,0.56
udp,static / seq,jitter_ms,75,6.026133333333334,3.386618297874074,0.62,5.41,12.03
udp,static / seq,wire_ms_mean,75,11.21812,5.128246908083724,7.756,8.496,27.309
udp,static / seq,wire_ms_p95,75,18.844746666666666,14.359201982355776,8.243,9.816,47.213
udp,static / seq,wire_ms_max,75,22.867813333333338,19.350595233315268,8.285,10.12,73.954
udp,static / seq,busy_drop_in_window,75,0.4533333333333333,1.4913564778898925,0.0,0.0,8.0
udp,static / seq,bad_packets_in_window,75,0.013333333333333334,0.11547005383792518,0.0,0.0,1.0
udp,static / seq,gpu_util_percent,75,13.293333333333333,8.722095789141218,0.0,17.0,36.0
udp,static / seq,drspaam_gpu_duty_percent,74,29.103783783783783,28.856955606174395,2.7,28.585,143.99
udp,static / seq,gpu_mem_util_percent,75,10.253333333333334,6.726497288021885,0.0,14.0,28.0
udp,static / seq,gpu_mem_used_mb,75,550.7733333333333,10.63951499267139,509.6,553.6,569.6
udp,static / seq,gpu_mem_total_mb,75,4096.0,0.0,4096.0,4096.0,4096.0
udp,static / seq,gpu_proc_mem_mb,75,205.17333333333335,10.639514992671389,164.0,208.0,224.0
udp,static / seq,torch_alloc_mb,75,27.125333333333334,6.830517635667971,22.9,23.8,61.2
udp,static / seq,torch_reserved_mb,75,111.38666666666667,9.91844219096404,78.0,114.0,130.0
udp,static / seq,torch_peak_mb,75,893.8306666666668,92.51831808880868,103.7,905.6,905.6
udp,static / seq,gpu_power_w,75,14.86213333333333,1.4065525166100206,12.55,15.72,16.74
udp,static / seq,gpu_temp_c,75,66.4,1.5334116705410032,64.0,67.0,69.0
udp,static / seq,gpu_sm_clock_mhz,75,1575.0,0.0,1575.0,1575.0,1575.0
udp,static / seq,cpu_percent_system,75,15.210666666666667,6.827519302046668,4.6,14.1,30.0
udp,static / seq,cpu_percent_process,75,139.224,85.58148612619185,6.0,129.0,328.3
udp,static / seq,proc_threads,75,71.90666666666667,0.8082903768654761,65.0,72.0,72.0
udp,static / seq,ram_used_mb,75,8594.796,144.29026436038296,8403.3,8659.5,8871.3
udp,static / seq,ram_total_mb,75,15708.199999999997,3.662477257679844e-12,15708.2,15708.2,15708.2
udp,static / seq,ram_percent,75,54.71066666666667,0.9179255892431514,53.5,55.1,56.5
udp,static / seq,proc_rss_mb,75,1217.5279999999998,31.542770448512723,964.5,1222.2,1223.7
udp,static / seq,swap_used_mb,75,0.0,0.0,0.0,0.0,0.0
udp,static / seq,swap_total_mb,75,4352.0,0.0,4352.0,4352.0,4352.0
udp,static / seq,swap_percent,75,0.0,0.0,0.0,0.0,0.0
udp,static / pipelined,elapsed_s,77,39.007545454545465,22.371932045208048,1.007,39.007,77.007
udp,static / pipelined,sessions,77,1.0,0.0,1.0,1.0,1.0
udp,static / pipelined,scans_total,77,195.87012987012986,162.79744846776467,0.0,164.0,507.0
udp,static / pipelined,scans_in_window,77,6.584415584415584,3.73585278558235,0.0,10.0,10.0
udp,static / pipelined,scan_rate_hz,77,6.584935064935064,3.736474070908302,0.0,9.96,10.04
udp,static / pipelined,drspaam_fps,75,30.4788,8.899077231239628,0.69,33.05,37.83
udp,static / pipelined,t_det_ms_mean,75,78.65461333333334,216.07262839853448,26.598,30.473,1459.815
udp,static / pipelined,t_det_ms_p95,75,118.32872,279.15570874293775,26.993,33.48,1459.815
udp,static / pipelined,t_det_ms_max,75,135.9811333333333,323.99966999438203,27.037,33.946,1459.815
udp,static / pipelined,t_track_ms_mean,75,1.0131466666666669,0.23495069599715926,0.722,0.947,1.999
udp,static / pipelined,t_track_ms_p95,75,1.20928,0.36190280015047793,0.742,1.126,2.616
udp,static / pipelined,t_track_ms_max,75,1.2499466666666668,0.40309669195251785,0.744,1.136,2.749
udp,static / pipelined,t_lat_ms_mean,75,83.68028,224.02226714882968,28.182,32.529,1462.781
udp,static / pipelined,t_lat_ms_p95,75,124.34581333333331,290.7550437009343,28.611,35.638,1462.781
udp,static / pipelined,t_lat_ms_max,75,141.32478666666668,332.78220373766146,28.659,35.969,1462.781
udp,static / pipelined,t_scan_ms_mean,74,235.87651351351352,206.11637864627167,99.219,100.3265,1399.074
udp,static / pipelined,t_scan_ms_p95,74,269.34639189189187,247.76212306984536,100.643,101.95150000000001,1399.074
udp,static / pipelined,t_scan_ms_max,74,284.9232972972973,281.83169682338564,100.66,102.185,1399.074
udp,static / pipelined,t_fwd_ms_mean,75,66.91910666666666,215.10671769942678,16.983,18.782,1436.406
udp,static / pipelined,t_fwd_ms_p95,75,122.83021333333333,323.8943021464361,17.01,20.815,1436.406
udp,static / pipelined,t_fwd_ms_max,75,122.83021333333333,323.8943021464361,17.01,20.815,1436.406
udp,static / pipelined,inference_ms_mean,75,78.4172,215.96493041382587,26.436,30.255,1458.427
udp,static / pipelined,inference_ms_p95,75,118.06374666666667,279.04659784383455,26.821,33.233,1458.427
udp,static / pipelined,inference_ms_max,75,135.70821333333336,323.89902825640024,26.863,33.679,1458.427
udp,static / pipelined,loss_percent,77,0.0,0.0,0.0,0.0,0.0
udp,static / pipelined,jitter_ms,77,5.15155844155844,2.7365475103028833,1.5,4.86,11.01
udp,static / pipelined,wire_ms_mean,77,10.929038961038959,4.760287105565108,7.523,8.736,28.646
udp,static / pipelined,wire_ms_p95,77,17.604584415584412,12.867603998690756,8.471,9.352,47.658
udp,static / pipelined,wire_ms_max,77,21.38797402597402,17.346833081190493,8.474,9.615,49.116
udp,static / pipelined,busy_drop_in_window,77,0.6883116883116883,1.921209461851818,0.0,0.0,9.0
udp,static / pipelined,bad_packets_in_window,77,0.0,0.0,0.0,0.0,0.0
udp,static / pipelined,gpu_util_percent,77,12.493506493506494,9.355020291158304,0.0,17.0,40.0
udp,static / pipelined,drspaam_gpu_duty_percent,75,30.920266666666667,32.48280235103764,5.27,29.22,145.82
udp,static / pipelined,gpu_mem_util_percent,77,9.974025974025974,7.54281468121191,0.0,14.0,34.0
udp,static / pipelined,gpu_mem_used_mb,77,543.3142857142857,13.995165652972291,489.6,537.6,569.6
udp,static / pipelined,gpu_mem_total_mb,77,4096.0,0.0,4096.0,4096.0,4096.0
udp,static / pipelined,gpu_proc_mem_mb,77,197.71428571428572,13.99516565297229,144.0,192.0,224.0
udp,static / pipelined,torch_alloc_mb,77,25.428571428571427,4.286111510413517,22.8,23.8,44.8
udp,static / pipelined,torch_reserved_mb,77,103.92207792207792,13.585757086943191,50.0,98.0,130.0
udp,static / pipelined,torch_peak_mb,77,890.5064935064939,90.94953102749717,103.7,897.3,905.6
udp,static / pipelined,gpu_power_w,77,14.937922077922078,1.5217591427637618,12.53,15.88,16.57
udp,static / pipelined,gpu_temp_c,77,66.72727272727273,1.6192620446913435,64.0,67.0,69.0
udp,static / pipelined,gpu_sm_clock_mhz,77,1575.0,0.0,1575.0,1575.0,1575.0
udp,static / pipelined,cpu_percent_system,77,17.68311688311688,8.17329416610171,4.8,17.2,37.4
udp,static / pipelined,cpu_percent_process,77,136.80519480519482,88.75026745119656,6.0,133.9,335.0
udp,static / pipelined,proc_threads,77,72.9090909090909,0.7977240352174658,66.0,73.0,73.0
udp,static / pipelined,ram_used_mb,77,8899.067532467532,175.97404521657103,8376.3,8948.9,9249.9
udp,static / pipelined,ram_total_mb,77,15708.199999999995,5.492751992155558e-12,15708.2,15708.2,15708.2
udp,static / pipelined,ram_percent,77,56.65714285714286,1.1299078410752394,53.3,57.0,58.9
udp,static / pipelined,proc_rss_mb,77,1218.3662337662338,31.317985459802877,964.8,1222.8,1224.3
udp,static / pipelined,swap_used_mb,77,0.0,0.0,0.0,0.0,0.0
udp,static / pipelined,swap_total_mb,77,4352.0,0.0,4352.0,4352.0,4352.0
udp,static / pipelined,swap_percent,77,0.0,0.0,0.0,0.0,0.0
udp,moving / seq,elapsed_s,75,38.00568,21.794560470732883,1.006,38.005,75.007
udp,moving / seq,sessions,75,1.0,0.0,1.0,1.0,1.0
udp,moving / seq,scans_total,75,195.13333333333333,161.38147967465778,0.0,159.0,502.0
udp,moving / seq,scans_in_window,75,6.693333333333333,3.8554045370290444,0.0,10.0,10.0
udp,moving / seq,scan_rate_hz,75,6.6928,3.8547133521219226,0.0,9.98,10.03
udp,moving / seq,drspaam_fps,73,27.946712328767124,8.412411639752982,0.65,30.81,33.87
udp,moving / seq,t_det_ms_mean,73,84.28282191780822,218.65075342403557,29.693,32.683,1533.842
udp,moving / seq,t_det_ms_p95,73,126.04806849315068,290.21923753141294,29.984,35.836,1533.842
udp,moving / seq,t_det_ms_max,73,141.74465753424658,328.04451697115655,29.986,36.034,1533.842
udp,moving / seq,t_track_ms_mean,73,1.3896027397260273,0.35825595054862763,0.749,1.42,2.461
udp,moving / seq,t_track_ms_p95,73,1.7934931506849312,0.5228473891237734,0.916,1.836,3.259
udp,moving / seq,t_track_ms_max,73,1.876972602739726,0.5744046428115022,0.916,1.934,3.563
udp,moving / seq,t_lat_ms_mean,73,89.61161643835617,223.8801659840489,31.256,35.107,1536.745
udp,moving / seq,t_lat_ms_p95,73,131.4373287671233,299.7836933348339,31.609,38.236,1536.745
udp,moving / seq,t_lat_ms_max,73,146.6516712328767,335.89753655649776,31.648,38.59,1536.745
udp,moving / seq,t_scan_ms_mean,72,222.3562638888889,169.29515139950135,99.185,100.38749999999999,932.501
udp,moving / seq,t_scan_ms_p95,72,254.68399999999994,235.15785888009444,100.714,101.851,1371.031
udp,moving / seq,t_scan_ms_max,72,266.58251388888885,263.00562196797307,100.714,102.2385,1401.618
udp,moving / seq,t_fwd_ms_mean,73,72.86054794520548,217.46353793369596,19.635,21.507,1508.797
udp,moving / seq,t_fwd_ms_p95,73,113.72354794520547,289.739699055081,19.659,23.186,1508.797
udp,moving / seq,t_fwd_ms_max,73,129.27649315068496,327.81168468095296,19.661,23.21,1508.797
udp,moving / seq,inference_ms_mean,73,84.05376712328767,218.5418516625541,29.521,32.453,1532.43
udp,moving / seq,inference_ms_p95,73,125.80358904109592,290.14923903110406,29.806,35.539,1532.43
udp,moving / seq,inference_ms_max,73,141.50931506849312,327.9832375056128,29.808,35.792,1532.43
udp,moving / seq,loss_percent,75,0.0,0.0,0.0,0.0,0.0
udp,moving / seq,jitter_ms,75,5.440533333333333,2.358737576534311,2.72,4.53,9.51
udp,moving / seq,wire_ms_mean,75,5.47644,3.6968646293267984,2.764,4.503,20.727
udp,moving / seq,wire_ms_p95,75,11.732626666666667,12.364035707116297,2.797,6.086,51.17
udp,moving / seq,wire_ms_max,75,15.824533333333333,18.496550691100985,2.799,6.116,71.145
udp,moving / seq,busy_drop_in_window,75,0.6933333333333334,2.079327680670751,0.0,0.0,9.0
udp,moving / seq,bad_packets_in_window,75,0.0,0.0,0.0,0.0,0.0
udp,moving / seq,gpu_util_percent,75,16.68,9.06755427557732,0.0,19.0,48.0
udp,moving / seq,drspaam_gpu_duty_percent,73,33.14219178082192,31.974721406421427,3.4,32.11,153.26
udp,moving / seq,gpu_mem_util_percent,75,14.453333333333333,7.521668398400418,0.0,18.0,31.0
udp,moving / seq,gpu_mem_used_mb,75,550.2066666666667,21.642034508281736,488.9,536.9,576.9
udp,moving / seq,gpu_mem_total_mb,75,4096.0,0.0,4096.0,4096.0,4096.0
udp,moving / seq,gpu_proc_mem_mb,75,205.30666666666667,21.642034508281743,144.0,192.0,232.0
udp,moving / seq,torch_alloc_mb,75,26.508000000000006,5.858783196239688,23.7,23.8,51.8
udp,moving / seq,torch_reserved_mb,75,110.88,21.563833585865915,50.0,98.0,138.0
udp,moving / seq,torch_peak_mb,75,891.3960000000002,92.28233329211952,103.7,905.6,905.6
udp,moving / seq,gpu_power_w,75,14.2064,1.4721198541100058,11.7,15.12,15.81
udp,moving / seq,gpu_temp_c,75,66.52,2.26822945595565,63.0,67.0,70.0
udp,moving / seq,gpu_sm_clock_mhz,75,1575.9866666666667,9.179138117305818,1545.0,1575.0,1627.0
udp,moving / seq,cpu_percent_system,75,14.700000000000003,7.155700808030899,3.4,14.7,34.6
udp,moving / seq,cpu_percent_process,75,152.61466666666666,95.46422945955362,8.0,164.5,339.5
udp,moving / seq,proc_threads,75,71.81333333333333,1.1353453258850406,65.0,72.0,72.0
udp,moving / seq,ram_used_mb,75,6737.466666666667,37.6227516463302,6513.5,6728.9,6792.5
udp,moving / seq,ram_total_mb,75,15708.199999999997,3.662477257679844e-12,15708.2,15708.2,15708.2
udp,moving / seq,ram_percent,75,42.89066666666667,0.23833506582876962,41.5,42.8,43.2
udp,moving / seq,proc_rss_mb,75,1217.8,32.18868359146349,964.2,1222.7,1223.8
udp,moving / seq,swap_used_mb,75,0.0,0.0,0.0,0.0,0.0
udp,moving / seq,swap_total_mb,75,4352.0,0.0,4352.0,4352.0,4352.0
udp,moving / seq,swap_percent,75,0.0,0.0,0.0,0.0,0.0
udp,moving / pipelined,elapsed_s,114,57.50721929824561,33.05322595364382,1.007,57.5065,114.007
udp,moving / pipelined,sessions,114,1.0,0.0,1.0,1.0,1.0
udp,moving / pipelined,scans_total,114,168.82456140350877,139.313121923498,0.0,139.0,504.0
udp,moving / pipelined,scans_in_window,114,4.421052631578948,3.5546174304489395,0.0,3.0,11.0
udp,moving / pipelined,scan_rate_hz,114,4.421315789473684,3.5546777141685983,0.0,3.0,11.0
udp,moving / pipelined,drspaam_fps,109,25.193394495412843,11.021703943363505,0.67,29.71,36.63
udp,moving / pipelined,t_det_ms_mean,109,148.24560550458713,300.85462739216445,27.552,33.889,1490.665
udp,moving / pipelined,t_det_ms_p95,109,209.53319266055044,377.44579798170474,28.437,35.814,1490.665
udp,moving / pipelined,t_det_ms_max,109,229.92888990825688,412.20861205827117,28.535,36.072,1490.665
udp,moving / pipelined,t_track_ms_mean,109,1.4289266055045875,0.47626680404731625,0.636,1.451,2.504
udp,moving / pipelined,t_track_ms_p95,109,1.7025688073394496,0.6352651585051721,0.636,1.748,2.923
udp,moving / pipelined,t_track_ms_max,109,1.748770642201835,0.665522290483301,0.636,1.749,2.983
udp,moving / pipelined,t_lat_ms_mean,109,166.45409174311928,325.48558404506673,30.099,36.118,1493.96
udp,moving / pipelined,t_lat_ms_p95,109,228.1748440366972,408.2636832303353,30.838,38.507,1493.96
udp,moving / pipelined,t_lat_ms_max,109,247.1076880733945,439.7826041221894,30.92,38.752,1493.96
udp,moving / pipelined,t_scan_ms_mean,108,346.9731574074074,223.3640217466221,99.194,398.637,1305.215
udp,moving / pipelined,t_scan_ms_p95,108,390.0498148148148,267.279978053437,99.992,399.85,1305.215
udp,moving / pipelined,t_scan_ms_max,108,407.2661666666666,292.4876493626553,99.992,399.965,1305.215
udp,moving / pipelined,t_fwd_ms_mean,109,136.96572477064223,300.5787259320627,19.654,22.12,1468.781
udp,moving / pipelined,t_fwd_ms_p95,109,216.97360550458714,410.8216317334672,19.698,23.202,1468.781
udp,moving / pipelined,t_fwd_ms_max,109,217.90480733944952,412.63778624789614,19.698,23.202,1468.781
udp,moving / pipelined,inference_ms_mean,109,147.94225688073394,300.7347585000469,27.304,33.658,1489.56
udp,moving / pipelined,inference_ms_p95,109,209.22985321100919,377.3537251142837,28.221,35.49,1489.56
udp,moving / pipelined,inference_ms_max,109,229.62353211009173,412.1292647607007,28.322,35.788,1489.56
udp,moving / pipelined,loss_percent,114,0.0,0.0,0.0,0.0,0.0
udp,moving / pipelined,jitter_ms,114,5.338684210526316,1.9793980997888225,1.9,5.0600000000000005,11.44
udp,moving / pipelined,wire_ms_mean,114,7.031035087719298,5.239192675647963,2.93,4.571,23.738
udp,moving / pipelined,wire_ms_p95,114,15.16098245614035,14.793319905372774,2.948,6.1805,48.64
udp,moving / pipelined,wire_ms_max,114,17.757771929824564,17.73984256000369,2.948,6.449,64.925
udp,moving / pipelined,busy_drop_in_window,114,0.6842105263157895,1.9062811383149378,0.0,0.0,10.0
udp,moving / pipelined,bad_packets_in_window,114,0.0,0.0,0.0,0.0,0.0
udp,moving / pipelined,gpu_util_percent,114,10.736842105263158,12.053019033236303,0.0,1.0,44.0
udp,moving / pipelined,drspaam_gpu_duty_percent,109,34.845963302752295,40.45964111902282,3.05,10.74,148.95
udp,moving / pipelined,gpu_mem_util_percent,114,8.74561403508772,9.582258129405737,0.0,0.5,34.0
udp,moving / pipelined,gpu_mem_used_mb,114,544.8999999999999,35.881811893754204,482.9,536.9,842.9
udp,moving / pipelined,gpu_mem_total_mb,114,4096.0,0.0,4096.0,4096.0,4096.0
udp,moving / pipelined,gpu_proc_mem_mb,114,200.0,35.88181189375421,138.0,192.0,498.0
udp,moving / pipelined,torch_alloc_mb,114,28.80964912280702,34.65952721005392,22.8,23.6,390.8
udp,moving / pipelined,torch_reserved_mb,114,105.96491228070175,36.06285805934086,44.0,98.0,404.0
udp,moving / pipelined,torch_peak_mb,114,897.6175438596492,75.08151587289905,103.5,905.5,905.5
udp,moving / pipelined,gpu_power_w,114,13.293947368421053,1.292021547274399,11.7,12.815000000000001,15.17
udp,moving / pipelined,gpu_temp_c,114,63.973684210526315,0.9996506143257939,63.0,64.0,66.0
udp,moving / pipelined,gpu_sm_clock_mhz,114,1575.0,0.0,1575.0,1575.0,1575.0
udp,moving / pipelined,cpu_percent_system,114,14.592105263157897,6.512196110645923,4.4,12.45,30.5
udp,moving / pipelined,cpu_percent_process,114,132.8280701754386,89.79990096844169,8.0,110.85,381.6
udp,moving / pipelined,proc_threads,114,72.93859649122807,0.655610068107186,66.0,73.0,73.0
udp,moving / pipelined,ram_used_mb,114,6710.631578947369,39.3965078992162,6517.1,6703.45,6798.2
udp,moving / pipelined,ram_total_mb,114,15708.200000000003,1.827020300888856e-12,15708.2,15708.2,15708.2
udp,moving / pipelined,ram_percent,114,42.72280701754387,0.2489038225312583,41.5,42.7,43.3
udp,moving / pipelined,proc_rss_mb,114,1223.4701754385965,26.289238451808156,964.7,1226.2,1229.6
udp,moving / pipelined,swap_used_mb,114,0.0,0.0,0.0,0.0,0.0
udp,moving / pipelined,swap_total_mb,114,4352.0,0.0,4352.0,4352.0,4352.0
udp,moving / pipelined,swap_percent,114,0.0,0.0,0.0,0.0,0.0
