wall_time,elapsed_s,clients,scans_total,scans_in_window,scan_rate_hz,drspaam_fps,inference_ms_mean,inference_ms_p95,inference_ms_max,predict_ms_mean,predict_ms_p95,predict_ms_max,grpc_service_ms_mean,grpc_service_ms_p95,grpc_service_ms_max,grpc_wire_ms_mean,grpc_wire_ms_p95,gpu_util_percent,drspaam_gpu_duty_percent,gpu_mem_util_percent,gpu_mem_used_mb,gpu_mem_total_mb,gpu_proc_mem_mb,torch_alloc_mb,torch_reserved_mb,torch_peak_mb,gpu_power_w,gpu_temp_c,gpu_sm_clock_mhz,cpu_percent_system,cpu_percent_process,proc_threads,ram_used_mb,ram_total_mb,ram_percent,proc_rss_mb,swap_used_mb,swap_total_mb,swap_percent
2026-08-30T21:02:18.484,1.012,0,0,0,0.0,,,,,,,,,,,,,0.0,,0.0,470.9,4096.0,126.0,7.6,56.0,38.8,11.97,66.0,1575.0,3.0,2.0,82,8988.5,15708.2,57.2,758.4,611.0,4352.0,14.0
2026-08-30T21:02:19.484,2.012,1,0,0,0.0,,,,,,,,,,,,,0.0,,0.0,474.9,4096.0,130.0,13.8,56.0,38.8,11.97,66.0,1575.0,2.6,12.0,83,9013.2,15708.2,57.4,820.0,611.0,4352.0,14.0
2026-08-30T21:02:20.484,3.012,1,0,0,0.0,,,,,,,,,,,,,14.0,,13.0,480.9,4096.0,136.0,14.0,50.0,819.0,12.3,66.0,1575.0,7.4,103.0,83,9161.3,15708.2,58.3,993.9,611.0,4352.0,14.0
2026-08-30T21:02:21.484,4.012,1,19,19,19.0,9.35,106.981,353.681,1417.901,98.767,343.008,1398.208,108.652,355.561,1420.956,1189.055,1747.472,17.0,203.27,11.0,536.9,4096.0,192.0,23.5,98.0,819.0,14.73,66.0,1575.0,11.2,132.8,90,9377.8,15708.2,59.7,1205.8,611.0,4352.0,14.0
2026-08-30T21:02:22.485,5.013,1,33,14,13.98,43.65,22.912,24.25,24.39,14.624,14.757,14.765,24.665,26.341,26.568,202.028,472.413,16.0,32.04,15.0,536.9,4096.0,192.0,23.5,98.0,819.0,22.71,67.0,1732.0,4.0,38.0,90,9377.4,15708.2,59.7,1205.9,611.0,4352.0,14.0
2026-08-30T21:02:23.484,6.012,1,43,10,10.01,42.63,23.458,23.971,23.978,14.7,14.759,14.781,25.455,25.987,26.014,105.926,107.095,14.0,23.48,13.0,536.9,4096.0,192.0,41.2,98.0,819.0,17.39,67.0,1732.0,4.7,28.0,90,9384.0,15708.2,59.7,1205.9,611.0,4352.0,14.0
2026-08-30T21:02:24.484,7.012,1,53,10,10.0,41.21,24.268,25.266,25.596,15.434,15.905,16.342,26.223,27.222,27.556,107.008,109.275,15.0,24.27,13.0,536.9,4096.0,192.0,22.6,98.0,819.0,16.37,66.0,1575.0,3.3,29.0,90,9382.3,15708.2,59.7,1205.9,611.0,4352.0,14.0
2026-08-30T21:02:25.484,8.012,1,63,10,10.0,40.99,24.397,26.11,27.066,15.344,15.427,15.439,26.25,27.942,28.735,103.232,104.073,15.0,24.39,13.0,536.9,4096.0,192.0,22.6,98.0,819.0,15.24,66.0,1575.0,3.7,29.0,90,9383.8,15708.2,59.7,1205.9,611.0,4352.0,14.0
2026-08-30T21:02:26.484,9.012,1,73,10,10.0,40.77,24.53,25.897,26.643,15.357,15.414,15.421,26.575,27.995,28.416,103.5,104.625,15.0,24.53,13.0,536.9,4096.0,192.0,22.6,98.0,819.0,15.26,67.0,1575.0,4.4,30.0,90,9400.1,15708.2,59.8,1206.0,611.0,4352.0,14.0
2026-08-30T21:02:27.485,10.013,1,83,10,9.99,41.41,24.15,24.695,24.806,15.339,15.401,15.415,26.16,26.91,27.023,103.704,105.535,15.0,24.12,13.0,536.9,4096.0,192.0,22.6,98.0,819.0,15.26,67.0,1575.0,4.0,30.0,90,9406.0,15708.2,59.9,1206.1,611.0,4352.0,14.0
2026-08-30T21:02:28.484,11.012,1,93,10,10.01,41.39,24.159,24.887,25.281,15.359,15.442,15.495,26.186,27.077,27.474,105.489,107.935,15.0,24.18,13.0,536.9,4096.0,192.0,22.6,98.0,819.0,15.27,67.0,1575.0,4.7,29.0,90,9409.0,15708.2,59.9,1206.1,611.0,4352.0,14.0
2026-08-30T21:02:29.484,12.012,1,103,10,10.0,41.68,23.992,24.306,24.43,15.318,15.357,15.361,25.933,26.296,26.38,106.733,107.539,15.0,23.99,13.0,536.9,4096.0,192.0,22.6,98.0,819.0,15.27,67.0,1575.0,3.5,30.0,90,9412.0,15708.2,59.9,1206.1,611.0,4352.0,14.0
2026-08-30T21:02:30.484,13.013,1,113,10,10.0,41.06,24.354,25.022,25.35,15.374,15.485,15.502,26.365,27.04,27.387,106.253,107.234,15.0,24.35,13.0,536.9,4096.0,192.0,22.6,98.0,819.0,15.27,67.0,1575.0,3.2,30.0,90,9405.7,15708.2,59.9,1206.1,611.0,4352.0,14.0
2026-08-30T21:02:31.484,14.012,1,123,10,10.0,41.33,24.196,24.537,24.598,15.333,15.39,15.419,26.177,26.596,26.672,105.906,107.208,15.0,24.2,13.0,536.9,4096.0,192.0,22.6,98.0,819.0,15.29,67.0,1575.0,3.7,29.0,90,9397.2,15708.2,59.8,1206.1,611.0,4352.0,14.0
2026-08-30T21:02:32.485,15.014,1,133,10,9.99,40.98,24.4,25.002,25.219,15.35,15.468,15.551,26.488,27.233,27.422,106.187,107.697,15.0,24.37,13.0,536.9,4096.0,192.0,22.6,98.0,819.0,15.29,67.0,1575.0,3.5,31.0,90,9394.5,15708.2,59.8,1206.2,611.0,4352.0,14.0
2026-08-30T21:02:33.484,16.012,1,143,10,10.01,41.42,24.141,24.706,24.773,15.332,15.41,15.42,26.289,27.006,27.127,106.626,108.266,15.0,24.17,13.0,536.9,4096.0,192.0,22.6,98.0,819.0,15.29,67.0,1575.0,10.1,29.0,90,9365.2,15708.2,59.6,1206.2,611.0,4352.0,14.0
2026-08-30T21:02:34.484,17.012,1,153,10,10.0,41.24,24.248,24.759,24.957,15.309,15.373,15.401,26.289,26.881,27.151,106.717,107.578,13.0,24.25,12.0,536.9,4096.0,192.0,22.6,98.0,819.0,15.22,67.0,1575.0,3.3,29.0,90,9362.4,15708.2,59.6,1206.2,611.0,4352.0,14.0
2026-08-30T21:02:35.485,18.013,1,162,9,9.0,41.3,24.212,24.795,24.889,15.335,15.399,15.419,26.185,26.868,26.949,106.733,108.036,14.0,21.79,12.0,536.9,4096.0,192.0,22.6,98.0,819.0,15.18,67.0,1575.0,4.4,30.0,90,9378.9,15708.2,59.7,1206.2,611.0,4352.0,14.0
2026-08-30T21:02:36.484,19.012,1,172,10,10.0,40.02,24.985,26.768,27.859,15.385,15.548,15.661,27.069,28.809,29.832,105.982,107.114,17.0,24.99,15.0,536.9,4096.0,192.0,23.5,98.0,819.0,15.21,67.0,1575.0,5.4,29.0,90,9397.2,15708.2,59.8,1206.2,611.0,4352.0,14.0
2026-08-30T21:02:37.486,20.014,1,182,10,9.98,40.67,24.585,25.189,25.245,15.34,15.384,15.388,26.629,27.171,27.297,106.321,107.504,15.0,24.55,13.0,536.9,4096.0,192.0,30.9,98.0,819.0,15.32,67.0,1575.0,4.1,28.9,90,9406.1,15708.2,59.9,1206.2,611.0,4352.0,14.0
2026-08-30T21:02:38.484,21.012,1,192,10,10.02,42.45,23.556,25.303,25.975,15.482,16.336,17.117,25.441,27.391,27.953,106.413,108.145,15.0,23.6,13.0,536.9,4096.0,192.0,22.6,98.0,819.0,15.33,67.0,1575.0,9.5,28.1,90,9435.5,15708.2,60.1,1206.3,611.0,4352.0,14.0
2026-08-30T21:02:39.484,22.012,1,202,10,10.0,41.52,24.084,25.974,26.626,15.358,15.519,15.562,26.014,27.928,28.523,103.034,104.247,15.0,24.08,13.0,536.9,4096.0,192.0,22.6,98.0,819.0,15.38,67.0,1575.0,12.0,28.0,90,9448.7,15708.2,60.2,1206.3,611.0,4352.0,14.0
2026-08-30T21:02:40.484,23.012,1,212,10,10.0,41.52,24.086,24.9,25.296,15.344,15.446,15.47,26.091,27.081,27.562,103.343,105.418,15.0,24.08,13.0,536.9,4096.0,192.0,22.6,98.0,819.0,15.37,67.0,1575.0,6.2,29.0,90,9444.0,15708.2,60.1,1206.3,611.0,4352.0,14.0
